latitude,longitude,bedrock_depth,land_district_code,coordinate_acquisition_code,aquifer_lithology_code
48.630677163353795,-123.4175778543132,57.300480153319725,1640.0,2,2
49.15187413852158,-123.71992233556685,5.2386453950277225,1056.0,12,2
48.67194050442188,-123.42357487175003,8.939135823408227,1640.0,56,6
48.533703827874675,-123.4242252353298,105.57156939473963,3906.0,2,0
48.88971527878208,-123.69454561659305,29.23823882105004,72.0,12,6
54.00236049049418,-123.96247266694833,77.00317463324414,210.0,20,0
49.34603325690662,-119.73200036890859,127.87321157177851,2970.0,12,6
49.148198981649976,-119.73436595536256,135.11144512077763,2970.0,6,0
54.27698694593326,-125.81161408150761,70.68827526049634,210.0,20,2
48.42164560751471,-123.4788753048931,29.14127464832105,462.0,20,0
49.01475093502155,-122.3301199646003,186.35650476890092,1332.0,2,0
49.461379361043335,-120.44914912282279,31.10736176883955,2970.0,42,6
58.438117605913845,-129.995123508951,118.55906043818399,42.0,0,6
56.31385535450743,-121.06348675163049,1.993325930168808,1980.0,42,2
48.77866252662545,-123.75347345583444,20.4912405660526,2070.0,0,0
49.75191859887484,-125.1036373871778,17.045932974561314,240.0,6,0
48.491799647748046,-123.54561350065642,11.09022191898464,600.0,42,6
49.10330963966874,-123.96687353786947,6.083724581115658,380.0,42,6
49.774295662821004,-124.98178278473293,158.74254464469888,240.0,6,0
54.06972243159138,-124.44031008941705,38.496934357788305,210.0,20,0
49.507550267684664,-124.6428429325369,0.2515996144225128,1056.0,12,0
48.684509134072805,-123.44531287371228,9.631735419706043,1640.0,2,2
49.58619228983589,-116.79646196087731,78.37541248870086,702.0,0,6
49.23349887091961,-115.22529975358981,88.46156623936338,702.0,6,0
50.04739530542577,-119.40268368239987,72.48995515996612,1722.0,12,0
48.72846370929976,-123.5873099521246,216.62041202839708,2862.0,2,0
49.970105846629686,-119.34605860283311,144.67956775319936,1722.0,12,6
50.73421972949023,-121.85988339025586,46.750714464366474,756.0,6,6
49.17623047993172,-123.81581738004557,5.0656608771719664,1056.0,42,6
49.25791101327785,-124.35525746434197,39.981521136103055,1122.0,0,0
49.50243123710663,-117.29881091849144,54.57068116181056,702.0,0,6
50.31596921322988,-119.19529212007701,65.35051471836155,1722.0,56,6
49.0438342587282,-122.3621231821616,270.7065880264341,1332.0,12,0
57.78550362609655,-120.22720248796497,97.39495281213665,1980.0,56,6
48.80690351567298,-123.47858332293467,39.36019606136491,272.0,12,0
49.04188207932864,-122.5800663521939,175.83813671327178,1332.0,0,6
49.773936990693215,-124.42908311211856,102.88906174756168,1332.0,6,0
49.51467935694631,-114.651179126704,1.4123630126662283,702.0,30,0
49.059635827242815,-119.50562283814,163.67346192422417,2970.0,2,6
49.37642478342149,-119.62587537183836,29.02275148726027,3540.0,0,6
49.08414261201664,-122.5847544218498,183.71647702356654,1332.0,12,0
49.029135843020114,-123.8810814987853,98.0216072341334,12.0,6,0
50.68611181998751,-119.21697838231351,125.65344052270373,650.0,0,0
52.0953170493786,-122.11687529737713,35.81814440142726,30.0,12,2
54.07041588774727,-124.0961165608824,284.2160394576748,210.0,20,0
48.74726037778915,-123.25636652642962,23.18248490673865,272.0,12,2
50.937073757742404,-118.79284068546805,154.92311396916833,650.0,6,0
49.18157059303258,-119.75954097419543,23.981551466513903,2970.0,6,0
50.42687340389778,-119.2331192370818,221.48977881462727,1722.0,0,0
49.18462936436093,-121.84943228026596,99.77929766661728,1332.0,6,0
50.30315733497484,-118.81359032405446,72.43666563227782,1722.0,42,6
50.515422584633086,-116.02645118780295,57.593890279577046,702.0,6,0
49.013892932233965,-122.42775290327994,388.79004047676796,1332.0,12,0
48.81633258151755,-123.49488881062403,8.010064126493798,272.0,42,2
52.17579685015437,-122.08752903952329,73.03417837036461,30.0,12,0
49.59332543993705,-115.68547282635251,81.92721297274585,702.0,0,0
48.608107134918846,-123.47234815346587,-0.6336616783745903,3306.0,42,6
52.902272828422554,-122.48698526813212,100.567191359057,30.0,12,0
48.39740176540869,-123.77656036870873,18.165769687736525,1806.0,0,2
49.13298752875148,-122.25119812149885,30.152712137996108,1332.0,0,6
52.91599854009382,-122.45729764819615,148.6267176775747,30.0,12,6
49.47648238645334,-121.42443185971666,48.93479943917023,3540.0,20,0
49.158014974439425,-122.81672083740467,333.5472979378663,1332.0,12,0
49.16990944426007,-123.84667812360452,3.545415789098999,1056.0,2,6
49.13124680154953,-117.75815383271589,6.631204681742937,702.0,42,2
55.236724439398806,-129.0356905547375,34.98535458685625,42.0,56,6
49.05136239001951,-118.91829205373114,28.063936540465843,2970.0,2,6
48.752615387492426,-123.75807026360692,108.29952180704035,2070.0,0,0
52.9036965663669,-122.395511534256,229.5448159017008,30.0,42,2
49.51663384628142,-124.78693043502533,10.14842805820015,1056.0,12,2
50.800351227353474,-119.1727196739225,70.0734899145168,650.0,6,2
48.78995881022326,-123.3126450010999,15.06040939194358,272.0,12,2
53.178979607553146,-122.49932008669217,289.21060278091545,30.0,20,0
50.621796048578766,-119.1674177955448,209.5327876800546,650.0,6,0
49.039806391920344,-122.5328919896633,232.238261651823,1332.0,12,0
49.19326231985667,-123.83748557973156,2.0793729283018,1122.0,42,2
49.09437679614498,-123.88249878199409,17.160949525373166,342.0,6,2
48.393641326366065,-123.59001760213346,15.117830467047124,930.0,12,2
50.461116169769404,-115.97204849062577,180.22596843405103,702.0,6,0
53.05111404330364,-119.58839574393977,188.65807424007394,30.0,6,0
51.51472540071031,-120.9165911724729,115.1794773118022,756.0,0,6
52.110886343673236,-122.16075399384302,68.24348953972002,30.0,12,2
49.05046836117179,-123.88132719503785,164.84372676062242,12.0,2,0
49.54784009680787,-119.56306442502385,87.14937811218817,2970.0,0,0
49.72093165891892,-125.01152211057199,104.97296635254776,240.0,6,0
50.561674346012786,-127.01053186933763,8.615099861387314,2450.0,20,2
49.43550495237665,-119.08832957768732,10.689858567781336,2970.0,6,0
52.21133550386915,-122.08808380191,14.108008752606072,30.0,12,2
49.312952300327716,-124.40956854754407,40.417936360669536,1122.0,42,6
49.160530049951284,-116.2755838624741,133.69057015682623,702.0,42,6
49.04598453515903,-122.66942703142166,201.44603163020204,1332.0,12,0
49.322062669875,-121.61702815658091,40.66732961652958,3540.0,56,6
50.700280491140695,-119.03591771314696,97.34879268227925,650.0,2,0
51.448396933972326,-121.13313522262759,64.74537280032747,756.0,6,2
49.064685243782385,-122.47177485357706,715.3118372096286,1332.0,12,0
48.572803548998486,-123.4850293322534,9.896952806581066,600.0,12,2
49.027062684346426,-122.03047198279451,130.07925595571268,1332.0,12,0
48.48034422133439,-123.51832846201773,5.410155385337573,600.0,12,2
49.38581217045973,-115.2620436084227,139.05349449336458,702.0,42,0
49.5353627998718,-124.66029871151252,5.479511638456829,1056.0,12,2
51.653655162404455,-120.03915588299213,53.229807721551055,650.0,2,2
49.0049198197141,-118.22604232496248,31.712174356326145,2970.0,0,6
49.05800966474319,-122.7750590596328,332.9147266895834,1332.0,12,0
51.55116496755721,-121.24201487733352,49.09757255128118,756.0,6,2
50.044070187869025,-114.85408941199377,138.82454851621446,702.0,0,6
48.7427222819762,-123.67366237869544,93.48522921838374,2070.0,42,6
48.40518639421473,-123.540743381206,91.78350909697687,930.0,2,0
48.82510697335695,-123.48439919398022,9.735609655469007,272.0,12,2
51.510685507399785,-120.12220249562223,80.25121532856384,650.0,6,0
52.9570119565516,-122.4299905234636,81.67065392797772,30.0,12,0
53.8699239549626,-123.8772925359655,219.6296377978344,182.0,0,6
49.620962539406655,-119.78257692971498,130.58588667447026,1722.0,20,2
49.77815156024689,-124.99000505679237,174.54778958205952,240.0,6,0
52.08341333362867,-122.10460157310088,61.75011428682243,30.0,6,0
49.72127824029909,-123.13123537538343,32.514816452471365,1332.0,2,0
49.82836072011884,-115.7634409697704,89.8009998945213,702.0,6,0
49.05046836117179,-123.88132719503785,119.08254746743974,12.0,2,0
49.11423135560997,-122.78741903753725,430.1398773291698,1332.0,12,0
50.67904663249243,-121.9131389724132,181.12947652556622,756.0,2,0
49.030710981567346,-119.443557975499,348.9488533496636,2970.0,12,0
53.84848237855883,-122.58028328841533,504.2124612614513,30.0,42,6
53.70971592675186,-122.86986131026798,183.51223906367176,30.0,20,0
49.34026744193442,-124.40586904848631,253.68822966049427,1122.0,42,6
49.04693019935283,-122.49075969797575,272.6348394274041,1332.0,12,0
49.0760269675467,-122.33895346806229,273.56912145192786,1332.0,12,0
50.3969188860167,-119.29579588324629,120.74077110675906,1722.0,0,0
50.40287275339639,-119.21856918707027,146.1181946619201,1722.0,0,0
50.626240097281375,-119.68154306309046,8.07913010903756,650.0,0,6
49.20309029419071,-119.85253557857172,205.61872085922414,2970.0,6,0
54.027917813162034,-124.03227207407296,201.3458113019055,210.0,20,0
48.78919764069487,-123.19653441587515,4.573057446944061,272.0,42,6
56.29504986479537,-120.98172988545289,198.34402059939657,1980.0,2,2
49.53568487292996,-124.81685007222491,9.511678621043615,1056.0,12,0
49.317145104681224,-122.92692683894158,8.043610261026457,1332.0,0,2
48.65461036001542,-123.41084961928725,17.48760286124176,1640.0,2,2
48.368798674569646,-123.83121003981044,1.0311788886490405,1806.0,20,2
49.04058129807105,-123.85344536303026,29.996180276163308,1892.0,2,2
54.0875429405763,-125.02313942678778,261.75184979166073,210.0,20,0
48.7864563666122,-123.95575035078771,127.49794182022167,306.0,42,6
49.0344112098287,-122.75546956966238,328.0249198763797,1332.0,12,0
49.781525047516794,-124.4508706983348,164.33953955464767,1406.0,0,0
50.91361474064702,-119.43768474894125,40.80673472467648,650.0,56,6
49.30601729316826,-124.47547712157464,74.04497364486501,20.0,2,0
50.23051947757836,-118.966158398916,86.83864476660531,1722.0,0,6
49.287528515650216,-117.22368235559875,8.093541241470339,2970.0,56,6
48.55833597846138,-123.3998117142872,32.39801314551784,4160.0,2,0
50.50571961898719,-116.01125105089902,54.041438029536664,702.0,0,6
49.3356276821028,-124.43699740234355,129.30248694067296,1260.0,0,0
48.95115694283715,-123.52671473874139,51.5627711627494,272.0,0,6
50.11020594110213,-125.05016273427644,21.435107370892,2652.0,6,2
49.52781666518542,-124.61210171176926,11.446733589561985,1056.0,20,2
52.19627222929765,-121.80165975441307,35.557640483154216,30.0,0,6
49.029135843020114,-123.8810814987853,-0.628968682597586,1892.0,2,2
50.150494961534484,-120.88555221540608,72.24863642489085,650.0,6,0
49.3024627440572,-117.6411049517923,155.80839490398787,702.0,6,0
49.101155908167534,-122.54088014782866,94.02409715538974,1332.0,12,0
50.46751173355944,-119.75343880389191,46.15833700770546,650.0,2,6
48.74624938287438,-123.21547232173339,1.2850692989307502,272.0,12,2
48.90230298692005,-123.72713424204787,25.303180101930387,72.0,12,0
49.18157059303258,-119.75954097419543,31.596025437270438,2970.0,0,6
49.3421694827759,-119.53414108396849,229.01849382811818,2970.0,2,0
49.312952300327716,-124.40956854754407,138.3999930929991,1122.0,2,0
50.25263774258835,-118.71499805634697,66.76779145871934,1722.0,6,0
49.00424898748193,-119.28985316983812,135.5498162070916,2970.0,42,6
48.80980329031428,-123.71700453694905,64.41464527317831,3782.0,6,2
51.55706213986485,-121.21006973461638,19.36803904947041,756.0,2,2
50.59999314122366,-127.58418893773124,30.4993478564267,2450.0,20,2
50.544522965304076,-116.00565981293855,60.498204212612656,702.0,6,0
50.16248521739918,-125.39142909472949,11.833882516117393,2652.0,20,2
49.03329922522027,-118.47602863507959,40.76937571311785,2970.0,2,0
49.01407525744147,-122.29876780524769,77.2380789347765,1332.0,2,0
49.233052269917565,-122.8833508036701,60.62197928600045,1332.0,30,0
50.31668317502002,-125.9205594735988,78.78841274347897,2652.0,0,6
50.61183876217706,-120.18593215332818,73.84695072704865,650.0,6,0
48.60039910974202,-123.46647983200744,8.519388224934659,4160.0,2,2
49.11877531001465,-123.80982768198665,72.67643323022328,56.0,20,0
48.72681291550288,-123.60581988508056,341.4729340923668,272.0,2,0
50.51251329178928,-119.22253632729542,99.13919510835863,1722.0,56,6
48.35628323002619,-123.58476029783738,27.540990232751906,930.0,42,6
49.75689338780851,-117.46952097515184,90.891945903057,702.0,0,0
49.1946297520109,-117.27506600261617,6.333383461581284,702.0,0,6
54.05721140512331,-123.6633786047255,192.77444870045062,30.0,20,0
52.045416107329366,-122.1241036129234,132.804743474891,30.0,12,0
54.01051785741797,-123.05303998397969,171.67881453066676,30.0,42,6
51.03111112374372,-116.5452468300053,96.98316710941995,702.0,6,0
48.782372727533534,-123.0591696518355,4.356848285736726,272.0,0,6
53.99838497947579,-122.68426519073405,97.75753971287465,30.0,20,0
53.863590585396054,-123.65919140429594,176.26235266395008,30.0,42,6
53.73779170764449,-122.28256609538576,187.962356365483,30.0,20,0
49.3356276821028,-124.43699740234355,146.7983694283286,1260.0,0,6
49.19212923601193,-123.86011382640345,8.127224642896348,1056.0,12,2
55.83975716899861,-120.8180936405353,102.44017109632038,1980.0,30,0
48.7427222819762,-123.67366237869544,166.65317507190377,272.0,0,6
49.0123004206978,-119.46508882018095,258.7949072311891,2970.0,12,0
48.871186278961176,-123.53256747971682,10.020898086347906,272.0,12,2
52.10902141053506,-122.09722360589872,126.67401609167692,30.0,12,2
48.66371155816413,-123.6313257669813,8.052440638950516,2862.0,56,6
49.30813340131807,-122.76564401976272,106.07451473550391,1332.0,6,0
50.05905536778839,-124.97880718978918,29.11333204506085,2652.0,2,6
49.77815156024689,-124.99000505679237,181.37679201053663,240.0,6,0
49.09846609086928,-122.55818569672114,144.94512101158955,1332.0,12,0
49.11748339158675,-122.03464765437853,36.25942107978396,1332.0,30,0
49.30435623639497,-124.41677172466528,17.074695361065366,1122.0,42,6
49.373416369578045,-123.33129860323149,32.80584626767818,1406.0,56,6
49.03837871011188,-119.47146339619117,257.5793250237932,2970.0,12,0
49.54774972511848,-115.81897412812353,106.57194279994309,702.0,6,0
51.239852048138935,-116.9239301653372,57.29869378336367,702.0,42,6
49.7559211374095,-124.95711465022329,170.63302320142907,240.0,0,0
48.572803548998486,-123.4850293322534,2.726760225741197,600.0,12,2
49.03209929486958,-122.69548568270045,212.439865797852,1332.0,12,0
53.88690360379593,-123.5065748219375,92.78077287508673,30.0,20,0
49.6869311319651,-123.15406904115845,100.4411869524282,1332.0,30,0
49.15132214213219,-122.47197149015565,13.202453593499184,1332.0,12,0
49.33754546949553,-125.12350767659859,44.83901534374949,90.0,42,2
50.87504184280127,-121.40045945212673,90.71402680361878,650.0,6,0
49.247905412151965,-124.1064395853617,25.525833483261213,1122.0,42,0
49.74209543214414,-124.93068854195724,229.97105577729909,240.0,6,0
49.35455681995521,-119.56693607530421,65.38845420020176,2970.0,6,2
50.108275678601565,-120.78092808218395,188.09825858726558,650.0,6,0
49.479960723523256,-117.39625454354847,10.59928370437555,702.0,0,2
50.24930022947589,-119.31769336130074,32.90672853582399,1722.0,6,0
49.20061118926099,-122.53541882027181,86.21595945933963,1332.0,6,0
49.04857662396528,-122.39814958742014,431.07621831792886,1332.0,30,0
49.10960374194865,-117.80131244093668,164.1757647115585,702.0,0,6
49.12090330974262,-122.54152272839322,169.89372864147376,1332.0,12,0
49.24792162945738,-124.13726802888728,23.283159796297102,1122.0,2,2
50.067108118458385,-125.31836613573081,331.09706219927,2652.0,42,6
48.963991616705435,-123.7870143856251,15.082631824232253,1892.0,42,6
51.71078342779131,-121.35801025678367,49.27862947176124,756.0,2,0
49.48066673427826,-123.89413699329924,15.369405667860434,1332.0,6,2
49.533112202687605,-124.62469372112423,1.8386191850632776,1056.0,2,2
48.752615387492426,-123.75807026360692,77.224455220259,2070.0,12,6
49.60294811432839,-117.0455956036592,21.716401358382335,702.0,6,2
49.26701310365588,-124.75835422998696,4.408843838092041,2.0,0,2
55.66666017008447,-121.72370221127898,258.885123840654,1980.0,6,0
53.80571842807272,-123.0521164450299,290.4625485289167,182.0,20,0
49.04782591178223,-123.8320145487728,9.709034656133932,1892.0,42,6
49.06038063055964,-119.15809168281574,43.10741691649387,3540.0,56,6
49.141240486567995,-122.55525471732116,239.14349236305168,1332.0,12,0
48.3621869141663,-123.65756326431587,-0.5181879216777159,3080.0,2,2
50.700244861736856,-119.25649466115799,95.45174300991684,650.0,30,0
49.54774972511848,-115.81897412812353,88.0898130528193,702.0,0,2
48.77839807362449,-123.27848266449072,6.004014864930417,272.0,12,2
49.02993572540864,-119.39252748146284,51.72900880607196,2970.0,6,6
48.533703827874675,-123.4242252353298,16.27516339700751,3906.0,2,0
49.183630715905124,-122.7563411133554,326.67341290199244,1332.0,12,0
50.51515512549038,-119.24261309269144,37.42909246399795,650.0,2,0
50.783416498240264,-119.34425494589584,101.29364452915286,650.0,6,0
55.772041280940144,-120.64270155514326,218.95317859461701,1980.0,30,0
49.02300892682009,-119.4717418236996,243.92965504323334,2970.0,12,0
49.1316543166371,-123.72615583341512,2.6182949847953454,1056.0,42,6
49.11877531001465,-123.80982768198665,-0.052039944285318995,56.0,2,2
52.010467150623874,-121.44936529998108,75.48580572017839,30.0,56,0
48.82222265581343,-123.64825473791353,47.816140339573074,4032.0,6,0
48.38726217176526,-123.78370140759644,118.17982204634595,3080.0,2,0
49.14071383662911,-122.8219446841423,341.58710116770305,1332.0,2,6
48.861330747562164,-123.27407424760348,8.720986930550122,272.0,12,2
48.48996285132161,-123.42710670434141,4.429064525734286,3906.0,2,2
49.611151603245446,-117.05342721922815,73.85716686554566,702.0,6,0
53.95447772759493,-122.92849469113573,66.25150420773772,30.0,20,0
49.15263857581925,-117.25681687836914,29.443045482115053,702.0,6,0
50.715269784505686,-121.92332387827473,71.86229289908272,756.0,2,2
52.110886343673236,-122.16075399384302,115.3803994297149,30.0,12,0
49.07738258287029,-123.8431387002764,6.550851295763508,56.0,20,2
51.95674239315849,-122.13893575487215,129.22219243125238,756.0,2,2
53.853600478326605,-123.11094259604937,236.6200890223799,30.0,20,0
48.63040060913144,-123.43498646882657,6.717681608102303,1640.0,2,2
50.54150892338794,-119.19484871685509,43.910796067911896,650.0,6,0
49.47732904234241,-117.4444496422825,10.068841332224704,702.0,42,6
49.66944359527458,-125.0326642440004,35.93207627957582,240.0,6,0
50.700280491140695,-119.03591771314696,99.67768747104513,650.0,6,0
52.11467922155561,-122.17166551961218,94.28793469619755,30.0,12,0
53.974600231373586,-122.55031284269059,110.27274505650875,30.0,20,0
49.54987158381816,-120.52895846286252,146.846323135242,650.0,0,6
49.183630715905124,-122.7563411133554,314.706533913061,1332.0,12,0
50.800688145704285,-119.3077998605221,361.8244000434599,650.0,0,2
50.6417449895245,-120.1427160280558,41.62974111105375,650.0,2,0
50.812711348873464,-119.30682152814536,192.4160855075799,650.0,6,0
50.661867519085355,-119.59861633889514,52.97187836689532,650.0,6,0
53.021457993183816,-122.47554229087592,91.55636687750983,30.0,12,0
49.18157059303258,-119.75954097419543,96.2590123275015,2970.0,6,0
49.19212923601193,-123.86011382640345,9.162112614596083,1056.0,12,2
49.17325993532946,-122.28175419130804,94.50718070000846,1332.0,2,2
48.7783373679548,-123.80145378967914,76.03449861265418,2550.0,42,6
48.63659766906213,-123.61188853557326,16.740038816734497,870.0,42,2
49.16679041825573,-123.85683678698882,9.26814237907933,1056.0,42,6
49.06626081348004,-123.83069431759202,2.5679233102607286,56.0,20,2
48.62668896381897,-123.64589129834557,28.945600687418104,870.0,2,2
48.97801423097677,-123.67328594817103,3.604023560533813,272.0,12,2
53.81298675025856,-122.9266082069052,431.63496628898736,30.0,20,0
49.1016578425866,-115.08529075358072,79.64759775884625,702.0,6,0
50.041780695694165,-124.98471852753497,106.3749654833118,2652.0,72,0
49.01107356977956,-122.62334403929947,187.853031532946,1332.0,12,0
50.92674230785132,-119.41750590060816,25.233049484136682,650.0,56,6
49.029135843020114,-123.8810814987853,119.01152100030409,1892.0,56,2
48.75943482511618,-123.45323995616349,111.39029546254423,272.0,12,2
50.259915765083925,-118.90577207630729,330.299342794316,1722.0,6,0
48.84482012769564,-123.27332941955783,13.079091175193046,272.0,56,6
54.463785107619834,-124.23648877892977,183.35355793360574,210.0,20,0
52.0953170493786,-122.11687529737713,109.63699175991549,30.0,12,0
48.37506207108891,-123.68958720973633,13.745787723415214,3080.0,2,2
49.9005895017825,-119.40496017749868,120.33265824304631,1722.0,12,0
48.82237030520923,-123.66672049337933,37.266287048734135,4032.0,2,2
48.577394186193764,-123.46024270020536,13.621228695723767,4160.0,12,2
54.38059767426249,-126.67717434319428,59.5151245193986,210.0,20,0
49.160686481335055,-122.3162208311116,91.0037504400093,1332.0,30,0
52.97135690104855,-122.44542819512897,235.32508953358465,30.0,12,0
54.09602669431451,-122.66279101682852,170.8701481503937,30.0,20,0
49.05168651881113,-118.96706455810525,52.68037641090497,2970.0,0,6
53.071977053762424,-121.5116177885366,65.3942691982596,30.0,20,0
51.49266395371914,-120.77998560889475,19.96107134227243,756.0,42,2
50.677384266373345,-119.21539005351943,113.45953758213079,650.0,6,0
49.33426452996089,-124.35131749755782,124.90288944807887,1122.0,42,6
49.03485403431566,-122.67363980763488,201.20540536137997,1332.0,12,0
48.54565417619885,-123.56528839409894,75.25811491206329,870.0,42,6
50.654465781201345,-116.08553028812818,244.85467422913277,702.0,72,6
49.09437679614498,-123.88249878199409,2.156164921340264,342.0,2,2
49.30027532379637,-124.38299911284768,7.316480933019854,1122.0,0,6
49.11288401578617,-122.51356173536,14.155709235860549,1332.0,12,0
49.10166627546944,-122.86700357467508,313.2892049296156,1332.0,12,0
49.46327893907453,-117.28428278417236,79.88025093098918,702.0,42,0
49.149888931365425,-123.70524714318125,2.977597763515699,1056.0,12,2
50.214910826003496,-114.88206000225051,50.286926751703334,702.0,0,6
49.54784009680787,-119.56306442502385,91.18459188967825,2970.0,6,6
48.42811963783295,-123.56655131087783,0.34840247693841775,506.0,2,2
49.32491573737987,-119.72155039479077,77.93014092383358,2970.0,20,0
49.15188564642285,-119.43802777645585,28.134216678094802,2970.0,12,6
49.16653023938453,-122.58514257028334,330.41852187140864,1332.0,12,0
53.92833714882857,-122.76521586531874,183.28619660380724,30.0,0,6
49.138625238329894,-117.74527082232864,70.81292529958395,702.0,6,0
53.84395270763507,-122.7388108325943,108.16056188897606,30.0,20,0
49.1413017196564,-117.51705804994727,39.94779271965641,702.0,6,2
48.87865375647656,-123.32001491928358,2.3702267224009144,272.0,0,2
49.88746731599498,-119.41291857934206,210.3766741501794,1722.0,20,0
48.368798674569646,-123.83121003981044,23.194513632459525,1806.0,20,2
50.76750932793844,-119.00945954411472,70.36955708429882,650.0,6,0
53.898330419144074,-123.87544178856805,145.30757352995965,182.0,20,0
51.05551041256012,-121.55482226514789,15.72141428023766,756.0,2,2
51.49168436225276,-120.7436166037314,43.96696076416639,756.0,2,2
49.072052387735376,-122.54753127374002,129.72471940454017,1332.0,12,0
49.48090829669199,-119.0443046929359,25.740191550831636,2970.0,6,0
49.22134768842767,-122.38567115924431,155.39122759519364,1332.0,20,2
55.3099748644484,-123.13717828526116,45.202602761266746,30.0,42,6
48.533703827874675,-123.4242252353298,0.7546579577637769,3906.0,2,2
49.0574400886631,-122.38135204178903,325.7274570341953,1332.0,12,0
49.310141212193265,-119.7191089349649,115.78918634746185,2970.0,0,2
48.881368921307285,-123.54632129228243,2.1362189092007746,272.0,12,2
49.696601249222624,-115.89837399939671,76.14899290260975,702.0,0,0
49.488686886383526,-115.731109774325,215.86761703718082,702.0,42,2
49.78585631847424,-115.72993367489924,79.92452775583861,702.0,42,0
49.299302247825494,-124.33899631205058,25.816865270691245,1122.0,12,0
49.135443604057286,-123.78038916461892,12.788691531433976,1056.0,12,2
49.091630122940245,-122.62210323383049,191.49946516834797,1332.0,12,0
48.75017724467886,-123.71048617559319,136.81959022276882,2070.0,2,0
49.38038465019712,-121.46079522254985,-0.42564007316987196,3540.0,20,2
49.199441504985614,-123.8252015020865,3.261029444827801,1056.0,42,6
48.77348669967901,-123.837843879369,113.83586548177962,2550.0,0,0
51.76922681080102,-120.90041107921175,35.75662484251992,756.0,12,2
48.785812971079515,-123.7951649956368,29.535401575629404,2550.0,2,0
49.24724252947325,-124.11971532219495,66.61897482634103,1122.0,0,6
49.77033039094239,-125.0891612509629,91.55980470826213,240.0,6,0
49.16375921047848,-122.2539769586124,32.37189263731544,1332.0,2,0
49.79648251898227,-114.88919657966068,41.95650544683991,702.0,56,0
55.83197499890623,-121.79635837779708,123.24467448447984,1980.0,56,0
49.0612663091933,-122.64846788311303,203.33743681837666,1332.0,12,0
50.621796048578766,-119.1674177955448,94.1592527293931,650.0,2,2
53.83624426896982,-122.83234156039367,92.82479389966446,30.0,0,2
49.217907241909984,-122.23374303133564,17.588073851189474,1332.0,20,0
53.97936950553404,-122.89031953021582,142.9575239274248,30.0,56,0
51.84747008991992,-121.00284459993854,115.37188154141671,756.0,42,6
49.367258481590106,-121.51358274022498,38.74563925453978,3540.0,20,0
49.88365595369903,-119.45298846121885,120.88949816722165,1722.0,20,0
49.01742906255922,-123.8298044501026,0.020204839769825123,1892.0,2,2
48.78558372931088,-123.50168063505984,25.492469150792232,272.0,42,6
49.773936990693215,-124.42908311211856,102.04960604468602,1332.0,6,0
49.79186514557002,-125.06896805142846,198.4345081375353,240.0,6,0
48.674131305492644,-123.59479655267181,44.75769203810082,2862.0,12,0
56.244348059657675,-120.89283325539897,116.3514229827809,1980.0,20,0
49.083135316299675,-123.93760090441513,13.425140906174985,342.0,2,2
48.66371155816413,-123.6313257669813,4.96895655381624,2862.0,2,2
48.77480065020377,-123.19722281758864,17.54029603422278,272.0,42,6
50.884367829310214,-119.88124058009754,135.20850498750787,702.0,2,6
49.19701798539073,-124.03905404928098,11.177561970992679,992.0,6,0
50.00853169585805,-125.25019090627224,57.676221204203486,240.0,42,6
49.77984061543401,-115.78599783959153,105.3443961222122,702.0,42,0
49.99897407557167,-119.40342200609167,206.6892880343355,1722.0,12,0
49.01107356977956,-122.62334403929947,186.2417185260006,1332.0,12,0
48.476802276049426,-123.43637705646499,29.09072195660656,3906.0,2,2
50.316677813283285,-119.26552640521996,76.900570257216,1722.0,6,0
49.050327356019935,-122.47538174663171,374.8308478369803,1332.0,42,6
49.15132214213219,-122.47197149015565,22.678906461408356,1332.0,12,0
54.076094145867124,-125.8028510044906,38.596730499877424,210.0,20,0
49.09437679614498,-123.88249878199409,7.890548058370658,342.0,42,6
50.91361474064702,-119.43768474894125,42.743963194071895,650.0,6,0
49.16990944426007,-123.84667812360452,8.659543779481977,1056.0,12,2
52.10902141053506,-122.09722360589872,180.25864642425682,30.0,12,0
49.566679055059936,-120.50224101334982,100.99759928581906,2970.0,56,6
50.812711348873464,-119.30682152814536,179.5865281118605,650.0,6,0
49.10247900902217,-121.93832959160584,93.251989631507,1332.0,6,2
49.17623047993172,-123.81581738004557,4.284862178718968,1056.0,12,2
49.035468735396826,-123.83178126243324,16.934758071278043,1892.0,12,2
49.70082935329416,-115.91465975208159,170.1888442142892,702.0,12,0
49.52229651778018,-124.79492085161748,6.392722144442025,1056.0,12,2
52.19627222929765,-121.80165975441307,57.02579446891165,30.0,6,2
50.097129954526096,-119.34798948077263,8.246974021746773,1722.0,12,2
49.22926999623971,-124.04102888510107,74.99616599508839,3422.0,30,0
53.855799970619444,-123.19575191387182,196.01509420245637,30.0,20,0
49.379806202386725,-115.27243271572858,121.59165337528744,702.0,6,0
48.76544229315242,-123.62140050898708,7.773250517135949,272.0,2,2
52.19545399865208,-121.81890483449433,35.765440426300586,30.0,6,0
49.030710981567346,-119.443557975499,377.13151067054656,2970.0,12,0
49.08483569918136,-122.66837169814687,142.77711466870048,1332.0,12,0
48.868292534038076,-123.49826784032419,2.66313178283471,272.0,12,2
49.87656826994618,-119.15056147244805,116.34423342897982,1722.0,2,0
53.33972041334529,-122.86911822200987,118.18935135210687,30.0,30,0
48.76790671570249,-123.77185282048164,47.74482017369678,2070.0,2,2
49.19974659887784,-119.58839069601142,36.202535648356196,2970.0,0,6
48.943126378206934,-123.46790177560747,6.538914903543649,272.0,0,6
49.09953495532989,-123.84680989051856,13.406809712621222,56.0,6,2
49.04782591178223,-123.8320145487728,7.812596736467853,1892.0,12,2
48.407214783172215,-123.56981895159986,34.871139579956484,506.0,42,2
49.29109544524026,-124.19680203652726,110.02290516457941,1122.0,2,0
52.78321111411114,-119.2465262544709,14.630830157195902,30.0,0,6
51.816118476549526,-121.06362354186842,209.1397739681859,756.0,2,2
50.92301505059509,-119.32049934107258,12.056045292878842,650.0,6,0
48.848231770747525,-123.45219147947991,10.925701766489661,272.0,12,2
49.02694813174866,-119.36424817351637,24.9771004095268,2970.0,0,2
51.47599659707224,-120.54577551447544,56.648190178824755,756.0,2,6
52.96581060366799,-122.4564070077703,240.70254451875633,30.0,12,0
49.19212923601193,-123.86011382640345,4.6949360581094375,1056.0,12,2
50.29092291794307,-118.91423776161528,15.380713589265808,1722.0,56,2
55.236724439398806,-129.0356905547375,36.321890530647885,42.0,20,0
51.00892984333081,-120.221324091279,115.36288436430576,650.0,0,0
54.12081969596184,-122.63860922321399,231.87499383685204,30.0,20,0
49.16476297053918,-122.62500287994179,170.44213371538686,1332.0,12,0
48.57867358447239,-123.63764065433428,19.328664146857186,870.0,56,6
51.46417301188363,-116.972408466208,36.85574133368645,702.0,56,6
52.806541400138734,-119.27308991051817,55.835883778351075,30.0,6,0
48.97242609377097,-123.68802380449398,9.635340798210438,272.0,12,2
48.86693987752075,-123.51455517167648,32.16108444571709,272.0,42,2
50.49777052571012,-115.98747173292271,44.478199490791276,702.0,6,0
49.01475093502155,-122.3301199646003,173.25089819835665,1332.0,2,0
53.03199482394481,-122.4910245855519,158.38955136383169,30.0,12,0
49.11884692674321,-117.72579827518224,310.1789512941788,702.0,6,0
53.75924840398951,-122.8405309702343,288.95690202341524,30.0,20,0
49.16653023938453,-122.58514257028334,317.30136263363136,1332.0,12,0
55.848396042858845,-121.65832122807265,93.82804050608554,1980.0,56,6
56.24922531182264,-120.92043339500646,100.26004737997081,1980.0,12,2
48.77839807362449,-123.27848266449072,28.211244540435935,272.0,12,0
52.08341333362867,-122.10460157310088,112.59949507423104,30.0,12,0
49.492281876112656,-115.08412071807938,79.56427853208463,702.0,42,6
54.79132631358718,-127.13445537054939,157.30498620606386,210.0,42,6
49.07980539556212,-122.6421621637266,201.37577297845712,1332.0,12,0
48.67963682388526,-123.54820226315846,181.50635186177306,2862.0,2,6
49.09437679614498,-123.88249878199409,16.264540522292847,342.0,0,6
49.48881595868356,-119.5191963925797,21.07746382729187,2970.0,0,0
49.1506293489389,-122.5117847069174,6.5154051444293515,1332.0,12,0
48.741741949502426,-123.4377035091332,8.554361214202975,272.0,56,2
52.144131206511574,-122.11174332598092,9.379492711156374,30.0,12,2
50.23409594594205,-119.35842543877918,164.98519413951288,1722.0,6,0
49.68955659406764,-124.93549297524653,80.03843778414495,240.0,6,0
48.60597465615657,-123.4382751127797,3.0261207964371684,4160.0,2,2
56.30915705476308,-121.17016308332074,23.46984590444644,1980.0,56,0
50.25275928934144,-120.2651722914325,48.74603014071727,650.0,2,2
49.3545706536172,-119.62919001128805,45.23859897124042,2970.0,20,0
49.135443604057286,-123.78038916461892,15.830925220900054,1056.0,12,2
50.6224810686928,-119.20864863822591,14.947427862365853,650.0,6,2
50.759126318322906,-120.96432170384179,152.15440110985733,650.0,42,6
49.16653023938453,-122.58514257028334,313.96230063876067,1332.0,12,0
50.3626315199319,-119.28569910298027,105.4560607078128,1722.0,6,0
49.00964467517074,-122.17998380569229,63.1111682888133,1332.0,12,0
48.97801423097677,-123.67328594817103,-0.810040664288157,272.0,12,0
49.51920213157963,-115.7926992616235,90.64062865102382,756.0,56,2
50.64533163326609,-119.95561794670897,123.08753866800839,650.0,2,0
50.23051947757836,-118.966158398916,66.24609298229903,1722.0,12,0
50.16049062746155,-117.78597398413389,148.18186407070036,702.0,6,0
48.75073744486062,-123.19204505123754,10.354346411759604,272.0,12,0
50.230689831190226,-120.48198107721991,45.45558331312961,650.0,42,2
52.96581060366799,-122.4564070077703,267.83564200985705,30.0,12,0
49.48549323984155,-119.09339892671746,52.62268610178944,2970.0,42,6
48.54285977767388,-123.41556178362042,20.963924506318317,3906.0,2,2
50.884759604623625,-121.82778922711367,41.281988677560975,756.0,56,0
50.85379280043131,-120.26685262843719,135.19905044660058,650.0,0,6
49.294044487122065,-124.30179142093982,89.7609366348101,1122.0,0,6
48.97801423097677,-123.67328594817103,5.8972791749293405,272.0,12,0
48.83558556007837,-123.64985079882359,27.413474445968436,4032.0,6,0
50.474754752045676,-119.51901417379474,63.033375156587375,650.0,6,0
54.05096837576881,-122.74694317739637,163.7799770974738,30.0,20,0
56.283013151719636,-120.99893960517417,93.76123452281281,1980.0,2,2
49.205014232919055,-122.7990011480068,229.9949968434592,1332.0,20,0
52.21133550386915,-122.08808380191,89.14378062527172,30.0,12,0
49.47009724899544,-115.44672587902897,135.82951357218653,702.0,42,6
53.16282223257979,-122.48378121480603,294.3809740654296,30.0,20,0
49.5473556029828,-117.25509612636424,49.178970627408255,702.0,6,0
49.53568487292996,-124.81685007222491,14.324044697360216,1056.0,12,2
52.25799663421666,-121.78230055791498,20.81188134485344,30.0,6,2
49.33553781909347,-119.57444078664167,183.3869450693497,2970.0,12,0
50.56432222772847,-120.3782684358236,104.71426309962867,650.0,0,6
50.04739530542577,-119.40268368239987,110.40730884374203,1722.0,12,0
51.85354567012038,-121.62620775106217,14.319279833121165,756.0,0,6
49.38838335838993,-126.26934141791448,6.995619705490977,90.0,56,2
49.04693019935283,-122.49075969797575,287.73963565099206,1332.0,12,0
49.71044854289052,-120.22145753862218,37.12954688414917,650.0,0,6
48.75017724467886,-123.71048617559319,163.4451577455766,2070.0,2,0
48.7575143764576,-123.27037323309759,1.504965632886889,272.0,12,2
49.88746731599498,-119.41291857934206,115.19251380861616,1722.0,20,0
49.1074218135001,-121.97433795461787,107.9277268430784,1332.0,0,0
49.050327356019935,-122.47538174663171,414.397550349073,1332.0,12,0
49.09437679614498,-123.88249878199409,7.6565366740329255,342.0,6,2
52.1134453989481,-121.90994484116223,133.05359619824932,30.0,0,0
48.702821863009135,-123.56136150351534,30.936038962249434,2862.0,12,6
48.868292534038076,-123.49826784032419,6.424927654655559,272.0,0,6
54.055728489343686,-124.0487842292872,217.10278902390894,210.0,20,0
49.065261541502345,-119.53964596938096,11.05863176228835,2970.0,2,6
51.00369951192462,-116.4707042493473,76.27503123860102,702.0,6,0
49.46364523711271,-120.54271331863357,37.739262227458006,3540.0,56,6
48.57577219421045,-123.40753207980762,132.92441547980593,4160.0,42,2
50.53592670216838,-127.65146657033637,4.383707613690285,2450.0,0,6
50.21077747528939,-119.00056274727363,46.40539785863538,1722.0,12,0
49.005763159010336,-122.55743593938163,140.3750859931947,1332.0,42,6
53.92393982921338,-122.864628781867,9.630078102891186,30.0,20,2
48.65471934486649,-123.66578218009427,5.158793267142277,2862.0,0,2
51.99202308376433,-122.26351450819455,97.73666490960964,30.0,6,0
49.105608333261536,-121.8716982225551,30.994824917854064,1332.0,6,0
54.087750166047876,-125.1143476345945,74.55940300558166,210.0,42,0
50.90936042524576,-119.45745910887071,44.20070648892373,650.0,56,6
50.041780695694165,-124.98471852753497,114.64404537004542,2652.0,2,0
50.65315597702236,-119.19386860731791,46.33788348200459,650.0,6,0
48.63040060913144,-123.43498646882657,18.855564494913185,1640.0,2,2
49.106405293684745,-123.80872487038205,37.1078165386917,56.0,20,2
52.86531863716597,-119.29992450277864,85.28181495880162,30.0,6,0
53.97141864481588,-125.8873002451706,12.483594919054957,182.0,0,2
49.09846609086928,-122.55818569672114,143.47618030675258,1332.0,12,0
50.730196536293825,-120.03627638541676,117.05809866616549,650.0,6,2
49.69232090584413,-115.94219777610232,80.08105508697089,702.0,0,0
48.82689175878215,-125.13141675291222,4.262794986535108,6.0,20,2
50.56831652845758,-122.60010154991004,34.43851611201422,756.0,2,6
51.850178545423574,-120.02442367429684,27.795291345462044,650.0,2,2
53.021457993183816,-122.47554229087592,26.85186491209544,30.0,12,0
55.616451045704075,-122.26171158507357,90.38518154336208,1980.0,56,6
49.07121600818804,-121.83750290265687,63.73803465869508,1332.0,20,0
50.35231834008601,-122.71463542385767,59.34762635107458,756.0,42,6
49.233052269917565,-122.8833508036701,60.33185386140388,1332.0,30,0
48.67639007851841,-123.53829092234633,50.50528886344491,2862.0,2,2
49.51633027629218,-124.70306036477861,-0.847449766914514,1056.0,12,2
48.79252957374162,-123.49569057901202,55.12079045577214,272.0,2,0
51.199620384856,-120.11193848402947,147.1462294357248,650.0,2,0
49.67354948239632,-115.64254127450498,123.42690882704834,702.0,0,6
49.199952937663525,-119.86848658054893,192.05519388570715,2970.0,6,0
48.848231770747525,-123.45219147947991,22.021691026506172,272.0,0,2
49.24724252947325,-124.11971532219495,115.64423465627631,1122.0,42,6
49.10760093020583,-121.95986611051957,72.20100774613294,1332.0,6,0
48.861222005548385,-123.48897478460484,6.204765212308727,272.0,0,2
48.796040290239944,-123.75180751256111,83.06689844926427,3782.0,12,2
49.917815705401864,-119.3943198039603,161.02979175255106,1722.0,12,0
50.49777052571012,-115.98747173292271,43.18638276547878,702.0,6,0
50.172231623511756,-125.17463013392891,5.014505585722066,2652.0,0,2
54.79132631358718,-127.13445537054939,146.48830970106133,210.0,20,0
49.07975342434344,-123.79037971163734,31.378615389914295,56.0,12,0
48.40359151847494,-123.52366646675654,14.052904639411402,930.0,56,6
50.28210886172701,-119.2749107420097,120.4779962039583,1722.0,6,0
48.79149826567114,-123.74387763232886,41.79058377867273,2070.0,6,0
49.17623047993172,-123.81581738004557,18.392775178062333,1056.0,12,2
49.0097622235203,-122.37535883776921,276.5956594975532,1332.0,2,0
51.70602289700445,-121.325589729194,109.25378186529906,756.0,2,0
48.59983281241741,-123.41772198917923,38.85606830815615,4160.0,2,0
49.0760269675467,-122.33895346806229,292.65123815856884,1332.0,12,0
53.855799970619444,-123.19575191387182,182.955336523468,30.0,20,6
49.0489750495066,-122.60390823953172,215.18168917239495,1332.0,12,0
48.88341760858987,-123.71881513262286,54.973259197741555,72.0,2,2
48.63684629063431,-123.46892027498399,1.692855497337848,1640.0,2,2
49.15081111583923,-122.78118858509318,421.4979020636865,1332.0,12,0
49.28792483918204,-124.35939515538051,11.74030308115578,1056.0,0,6
48.796040290239944,-123.75180751256111,15.12078485523603,2862.0,42,6
48.868292534038076,-123.49826784032419,3.882300527814061,272.0,0,2
49.010116716610185,-118.46902681465286,41.45019210767359,2970.0,2,0
49.65616713961199,-119.62215270368436,38.95006967951634,2970.0,0,6
54.69179776875819,-127.06563342418788,147.2080467935898,210.0,42,6
50.64533163326609,-119.95561794670897,119.48103767898176,650.0,2,0
49.07072578906823,-119.56381446504568,8.248160004205912,2970.0,20,2
48.87006359543554,-123.28911753497533,5.597490859883995,272.0,56,6
50.24627052232291,-118.65334263389353,151.43827573511584,1722.0,2,0
48.87865375647656,-123.32001491928358,7.94706971009421,272.0,12,2
52.358548415862955,-126.71008877610909,66.65563498120149,156.0,2,0
48.54565417619885,-123.56528839409894,6.394519609843838,870.0,56,6
50.490229761438556,-120.82806723153388,146.5171999392875,650.0,0,0
49.07975342434344,-123.79037971163734,4.551262559613283,56.0,2,2
53.87240342769703,-123.61919558517572,151.62971519233233,30.0,2,0
50.49777052571012,-115.98747173292271,40.60283739882768,702.0,72,0
49.179982874317524,-122.53776220388606,112.23657243888435,1332.0,12,0
50.536949538718325,-127.63988158403096,3.8722665901269826,2450.0,0,6
48.74176014042716,-123.65786610380667,37.326815052955745,272.0,2,2
49.620962539406655,-119.78257692971498,59.61294434830062,1722.0,20,2
51.61320044877525,-120.10027253194207,78.15999707526011,650.0,56,0
49.41699969086747,-115.424403144346,72.53528072501004,702.0,56,0
49.1692542257103,-122.30004897794456,84.7085555206646,1332.0,30,0
49.06532661027234,-123.87695605021788,20.798488643527385,342.0,2,2
52.32640168786551,-122.24787669080722,59.994104732353186,30.0,56,6
49.26355797823375,-124.95227117411652,11.648954778253314,90.0,42,2
49.013892932233965,-122.42775290327994,378.4576146615368,1332.0,12,0
49.54774972511848,-115.81897412812353,27.594467988115323,702.0,42,6
48.67563575360787,-123.4749567444609,11.114938005153238,1640.0,2,2
49.68710403253406,-124.88289035225918,353.25802358887336,240.0,0,0
50.31423809436141,-119.18549022651244,51.88574866027997,1722.0,6,0
49.308218295968274,-119.56374444855639,35.579061151327274,2970.0,20,2
49.031634877878595,-122.712641662852,297.52868526111575,1332.0,12,0
50.364581548085546,-118.78401888464437,90.92471381345668,1722.0,12,0
49.46642119215085,-115.73210578198896,39.423185010618994,702.0,6,2
48.37382736745778,-123.56199371676783,-0.1370208274571656,930.0,2,2
49.2906665234997,-117.66793372185053,20.486028741263777,702.0,0,6
49.78585631847424,-115.72993367489924,79.69234499197584,702.0,72,0
54.489432492331304,-124.21797898112972,190.3541292952535,210.0,20,2
49.7559211374095,-124.95711465022329,158.00209571261368,240.0,6,0
49.08414261201664,-122.5847544218498,181.03284838360494,1332.0,12,0
48.509917693445544,-123.51822770478282,4.592545913503131,600.0,2,2
54.43806782234397,-126.61015239482205,75.638211933468,210.0,20,0
51.30042813204954,-121.77681603835194,198.77314369206164,756.0,0,2
50.920534125644295,-119.19457091814789,2.707768733262712,650.0,6,2
49.18157059303258,-119.75954097419543,97.81267555783344,2970.0,6,0
50.64518388705303,-120.46971797008639,44.264747542695375,650.0,2,2
49.33338884107775,-124.55661536998035,197.14291411013843,1260.0,0,6
52.110886343673236,-122.16075399384302,83.57729447488748,30.0,56,6
50.478394512133825,-115.9876840592878,131.7043703955832,702.0,6,0
50.027716440634975,-119.39932289342516,134.6894641971667,1722.0,12,0
48.40359151847494,-123.52366646675654,29.59976657409227,930.0,2,0
49.54654753656386,-120.75999939330688,19.722430008514436,3540.0,2,0
49.03554529745777,-122.44844467787821,405.36592228577905,1332.0,2,0
48.63684629063431,-123.46892027498399,10.027811547821104,1640.0,2,2
50.33778848003964,-119.2415912918036,126.25416833848432,1722.0,0,0
48.79149826567114,-123.74387763232886,54.95812919531895,2070.0,2,6
49.13539016289146,-122.69379619333891,225.09048976160457,1332.0,12,0
49.47834667750575,-119.5906459092166,22.124899853355696,2970.0,6,0
50.97453434168101,-120.11025954124197,30.056157584397383,650.0,42,6
48.572803548998486,-123.4850293322534,2.7794492365712493,600.0,2,2
48.991765551280004,-123.65951005424125,5.638885415916324,272.0,42,6
49.03485403431566,-122.67363980763488,202.97315514820494,1332.0,12,0
52.10280997220392,-122.14037983136127,75.19291182933432,30.0,12,2
49.60370125033572,-115.85724178730473,41.373779117761444,702.0,42,6
49.63536540650679,-115.67014530603151,137.13348396685709,702.0,30,0
49.32491573737987,-119.72155039479077,87.93724816934544,2970.0,42,6
49.141240486567995,-122.55525471732116,279.7411241178683,1332.0,30,0
52.96581060366799,-122.4564070077703,213.15660716985838,30.0,42,6
50.66446982415146,-121.88998643404238,419.2232318614355,756.0,56,0
49.01651561237424,-118.4023599994784,93.83162935339747,2970.0,2,0
49.18157059303258,-119.75954097419543,29.35272876275461,2970.0,6,0
49.37462646294329,-115.29920497337592,129.02769819459795,702.0,42,0
49.16679041825573,-123.85683678698882,4.2568766716083,1056.0,42,6
49.06626081348004,-123.83069431759202,5.00311517256891,56.0,20,2
48.67563575360787,-123.4749567444609,15.044989589039016,1640.0,2,2
51.38142590572427,-116.99443455822517,41.69592848213972,702.0,0,0
50.46751173355944,-119.75343880389191,46.97074901731033,650.0,2,0
49.89338671983756,-114.88843928423002,72.70934361685032,702.0,42,0
49.575421563448415,-117.22991729188055,55.95329489405832,702.0,56,6
49.20344733386279,-122.4551321630683,109.31741911774922,1332.0,42,6
49.49406584535041,-124.7553339587974,15.905635608784225,1056.0,56,2
49.13251526906457,-122.73391732642712,288.3072005578797,1332.0,12,0
48.63684629063431,-123.46892027498399,25.580816519933656,1640.0,2,2
49.46416510280101,-124.77474872966228,17.58695609423478,1260.0,6,0
50.800688145704285,-119.3077998605221,309.9991709714416,650.0,6,0
49.37455561825902,-124.55607185697698,259.5678884375846,1260.0,0,0
48.68549330757791,-123.57273822058262,7.314756279608687,2862.0,42,6
49.829425791718045,-119.3926654886833,42.80042774618447,1722.0,6,0
48.67563575360787,-123.4749567444609,16.474296454719404,1640.0,2,2
50.48768288073781,-119.19733343067945,-0.39903982263577276,650.0,6,0
49.17623047993172,-123.81581738004557,23.119128445897136,1056.0,12,2
48.533703827874675,-123.4242252353298,39.099225449266655,3906.0,56,2
48.810545421012506,-123.4402352833963,36.88996891406362,272.0,42,2
48.75017724467886,-123.71048617559319,168.21299329108044,2070.0,2,0
49.54654753656386,-120.75999939330688,21.404724050662644,3540.0,42,6
49.28878262140027,-124.41687026631055,15.311205244896342,1122.0,2,0
49.07814647734009,-122.44687335200406,492.4650415386487,1332.0,42,6
54.021980531140464,-123.11889532956212,156.5761850043438,30.0,20,0
49.70645369655019,-115.83502866343414,90.30907365833497,702.0,0,2
52.11467922155561,-122.17166551961218,108.68748687583602,30.0,12,0
56.29504986479537,-120.98172988545289,15.984738838891808,1980.0,42,2
48.48034422133439,-123.51832846201773,6.5340181830120185,600.0,2,2
51.145342690565364,-120.11281404450106,119.15665051245475,650.0,2,0
48.8975439655672,-123.39343536747296,45.39200449229502,272.0,12,0
49.22165823454985,-115.22217255985187,89.05112187224556,702.0,6,0
49.03648803487602,-122.38006812640671,285.61512906109255,1332.0,2,0
49.31747067881761,-124.3556505346903,108.73011811313431,1122.0,12,0
48.87681217031764,-123.70587149043227,57.57781809488854,72.0,12,0
49.16990944426007,-123.84667812360452,2.969991604997711,1056.0,42,6
49.10823613624562,-118.23313201606334,180.00624182389134,2970.0,6,0
49.57753178684683,-115.85826682706399,141.34592051211257,702.0,0,6
49.1632409358971,-122.40185728571218,16.65815254963229,1332.0,2,0
49.19071388879263,-121.86852441486882,69.24983208020416,1332.0,6,0
48.87865375647656,-123.32001491928358,9.61209877453458,272.0,12,2
50.68624734986422,-119.79629082526708,268.58364343836945,650.0,0,6
49.503540544401424,-115.79883406959728,4.599963230534836,702.0,30,2
49.43550495237665,-119.08832957768732,9.35440067518261,2970.0,6,0
49.13110913120755,-116.53387505944494,9.274936841923815,702.0,0,6
49.520059587124024,-124.64577950472608,8.057200064222943,1056.0,12,2
49.02694813174866,-119.36424817351637,173.8108085059801,2970.0,0,2
49.56315342329192,-117.65040844445001,107.53127080040097,702.0,0,6
49.1561004167313,-122.34766997608587,155.32670551198007,1332.0,2,2
50.75404069620519,-119.21576313982308,60.714313843391885,650.0,6,0
49.121369269096185,-122.47951269005682,132.07019033340643,1332.0,12,0
51.510646262629265,-120.64220494584926,55.087542016540034,756.0,0,6
49.20344733386279,-122.4551321630683,108.61977911161746,1332.0,20,0
50.90936042524576,-119.45745910887071,44.39943217671663,650.0,6,0
48.39740176540869,-123.77656036870873,84.4034238728061,1806.0,20,0
49.07388329967329,-122.5631782796523,124.1560357999645,1332.0,56,0
49.507550267684664,-124.6428429325369,2.0176177559398663,1056.0,12,2
49.18157059303258,-119.75954097419543,33.78785048079406,2970.0,6,0
49.34317445427129,-123.42187184208005,16.489977877328368,1332.0,0,6
55.782527251979324,-120.92115844696298,48.1455919601489,1980.0,30,0
49.05057636367852,-123.80036946179386,-0.15675047022895727,1892.0,12,2
48.92273740668834,-123.56262047235894,14.486727829219932,272.0,0,6
48.67896692361104,-123.6592588722687,7.13701455713096,552.0,12,2
50.534557124389515,-119.35065109650849,218.5654473526819,650.0,6,2
49.040831293553076,-122.56180135189449,144.39332873355752,1332.0,12,0
52.95068751784577,-122.51809617106287,70.18460086000472,30.0,12,2
54.85485928133629,-127.22099233765938,147.7375642620354,210.0,42,6
49.26764466131237,-124.34163379333853,9.916517909314877,1122.0,0,6
54.85485928133629,-127.22099233765938,129.58364046257987,210.0,20,0
50.097129954526096,-119.34798948077263,202.4529651990337,1722.0,6,0
48.42661141732848,-123.54060141065462,13.787633341839157,930.0,12,0
49.904777322045206,-125.187646745905,69.36405889961547,240.0,6,0
51.00093415654035,-118.69065072729933,66.02748086885853,650.0,6,2
49.55257306504598,-124.8278048108245,11.358167782655244,1122.0,56,6
50.8502514994333,-118.94535906408362,26.6849192802965,650.0,6,2
49.1413017196564,-117.51705804994727,26.91513750518034,702.0,6,2
49.87656826994618,-119.15056147244805,115.79742449143278,1722.0,12,0
54.82206539587868,-127.07674752149677,29.953560134609415,210.0,20,0
48.38177281497896,-123.80794393764315,10.104027414494482,1806.0,56,6
48.768769757034676,-123.25337464978007,3.9067819406007396,272.0,12,2
54.50497585842089,-126.29647963747574,157.638546885705,210.0,20,0
48.68006604753752,-123.4064272765786,48.347813576177614,1640.0,2,2
49.19683332875838,-119.5426027554358,75.61344831406936,2970.0,12,0
49.917815705401864,-119.3943198039603,137.70865858909355,1722.0,6,0
50.04739530542577,-119.40268368239987,75.65032814259095,1722.0,12,0
48.64900550125322,-123.58481514969768,105.62929398679252,2862.0,2,2
50.86651364134857,-119.48095059836248,93.29690678282729,650.0,6,0
49.23864329360782,-124.07073515812885,1.5278811895009903,3422.0,42,6
48.674131305492644,-123.59479655267181,38.321736904072814,2862.0,2,2
52.37795071608056,-126.60751214091556,61.34463492130785,156.0,0,0
50.24914673242631,-115.87837391852827,48.44653156697437,702.0,0,6
48.390229047450035,-123.63424042348664,9.982278447270462,3080.0,2,2
48.768769757034676,-123.25337464978007,31.405166565390914,272.0,12,2
51.33729279567394,-116.95355217601252,93.65742393361431,702.0,42,0
53.42022044671025,-122.58832699388364,118.85135181011626,30.0,6,0
49.58282041679674,-115.83895243197989,180.28523712857486,702.0,42,2
50.26945690198972,-120.82505200694116,80.32516950219373,650.0,2,2
53.03155294519012,-122.633798364231,134.0769652953375,30.0,12,0
49.88746731599498,-119.41291857934206,198.4225888023555,1722.0,0,0
49.07388329967329,-122.5631782796523,171.51949944410018,1332.0,12,0
49.16990944426007,-123.84667812360452,1.6288618834322683,1056.0,42,6
51.61411880846606,-121.20281608421074,17.278813994842096,756.0,2,2
56.302014322027645,-121.379722565974,95.95628888622045,1980.0,2,2
55.82501229319241,-120.55449124438528,24.232377756964127,1980.0,30,0
49.040525198457914,-116.44341298769427,22.71391914551728,702.0,0,6
50.2124871692563,-116.01720328691073,43.401270667957036,702.0,0,0
48.77629578206348,-123.4285150667602,11.967456392163731,272.0,12,2
50.72067560202549,-120.01705223605845,48.478459492484134,650.0,0,2
49.00401199646446,-118.53152944183722,4.598696850361202,2970.0,2,2
48.407214783172215,-123.56981895159986,10.744209498090086,930.0,0,6
48.66592271956096,-123.55949283140151,3.5644948148749274,2862.0,12,2
48.83437385665089,-123.73481299321247,5.372812683552759,3782.0,12,2
56.303519717875794,-121.05292142228039,30.02645221230508,1980.0,30,0
53.965074776359096,-122.84374987405984,158.6683949823291,30.0,12,0
50.48786886173485,-120.49497901058548,57.62013639613252,650.0,6,0
50.22492601243355,-119.01277978359879,29.77189161425987,1722.0,6,0
50.50713830115293,-119.2571201500101,169.42071731915433,650.0,6,2
49.25574104405839,-124.18878597467638,32.31624687778198,1122.0,42,6
49.029515400034754,-122.56132611111543,127.71386911821149,1332.0,42,6
49.37462646294329,-115.29920497337592,131.91286591518835,702.0,42,6
48.811575078679255,-123.31849251647972,-0.6016473925083894,272.0,12,2
49.592342608698765,-115.7771014562759,157.7854768617294,702.0,6,0
54.06813622215706,-123.6550755486983,199.1813961296469,30.0,30,0
49.039806391920344,-122.5328919896633,237.83214928321232,1332.0,12,0
50.04739530542577,-119.40268368239987,42.13922393300181,1722.0,12,0
52.97135690104855,-122.44542819512897,220.23748518019062,30.0,12,0
49.174093688111384,-122.75266932440816,309.985827112749,1332.0,12,0
48.7689719972321,-123.88120173653594,14.679090889895056,2550.0,2,6
49.02993572540864,-119.39252748146284,41.70148935260187,2970.0,12,6
49.015701354638615,-122.31112969577308,77.70720374554017,1332.0,2,0
51.69020206872545,-121.31152574639113,37.115960255095146,756.0,2,2
49.133449798169124,-117.26336312484382,28.622551177740664,702.0,0,0
51.36659535685219,-121.2713692189796,18.387806209894038,756.0,42,2
48.685907956592594,-123.6466995938547,99.13456801200267,2862.0,0,6
51.585209882999386,-120.9248994838358,42.949017932428134,756.0,42,6
49.57163162016973,-119.63380215660592,112.94468273747171,1722.0,20,0
49.130299080257544,-123.73746124823158,3.5978274376560537,1056.0,42,2
52.11467922155561,-122.17166551961218,92.68495034389363,30.0,42,6
49.47731402934192,-115.54306762844514,4.622489448926016,702.0,42,2
48.76790671570249,-123.77185282048164,3.205154004316928,2070.0,2,2
54.09602669431451,-122.66279101682852,136.03661107941764,30.0,0,6
48.95115694283715,-123.52671473874139,12.053176953894583,272.0,20,2
49.19974659887784,-119.58839069601142,8.19098029779403,2970.0,0,6
49.24108025330492,-122.3795374325487,149.7505725245991,1332.0,12,0
49.09994971720897,-116.49169993389181,108.791970023485,650.0,0,6
48.572803548998486,-123.4850293322534,-0.46133654615137343,600.0,0,2
49.421128148698756,-123.6087007837759,14.647452910290411,1332.0,6,2
48.390229047450035,-123.63424042348664,25.50600463089937,3080.0,2,2
50.44457285143783,-119.46681732984726,45.61476598785098,650.0,6,0
51.26701415213347,-120.9285918600648,63.23542988297906,756.0,2,0
48.83909206323912,-123.70678646498722,6.743418492020949,3782.0,42,2
49.10631929133564,-122.71198367793916,244.39727497024356,1332.0,12,0
49.44028615977882,-123.65525365235035,11.036407230025294,1332.0,6,2
48.84355441384118,-123.25908102145755,7.828573548642244,272.0,12,2
49.65616713961199,-119.62215270368436,8.127792586840128,2970.0,20,2
50.69907756372402,-120.6052398048843,99.0025239269097,650.0,42,6
52.18841434240433,-121.88616754667952,53.801361419649155,30.0,6,0
48.37382736745778,-123.56199371676783,20.152134065561462,930.0,2,0
49.072052387735376,-122.54753127374002,120.49021138018239,1332.0,12,0
52.91599854009382,-122.45729764819615,141.6604974818607,30.0,12,0
50.67904663249243,-121.9131389724132,172.0313149476275,756.0,42,6
50.534557124389515,-119.35065109650849,141.4619665038595,650.0,6,0
48.943126378206934,-123.46790177560747,2.3501372443193906,272.0,12,2
49.01651561237424,-118.4023599994784,12.434997323708178,2970.0,56,6
49.322019261902675,-117.66673969688047,32.833630901091304,702.0,0,6
50.67658950236406,-120.56157586387394,45.07983685078544,650.0,6,2
49.49001397942694,-115.76451093816554,54.76577799073247,702.0,6,2
49.16653023938453,-122.58514257028334,293.11966925240836,1332.0,12,0
50.88028928333315,-118.93165130346384,154.0544512772028,650.0,6,0
49.09384337817911,-116.53379326411368,35.24216490361935,702.0,6,0
52.06249649011455,-122.15514566199423,139.03574232419822,30.0,12,2
49.773936990693215,-124.42908311211856,104.18300124679665,1332.0,6,0
50.48382337483102,-122.5916374330932,27.084368506412975,756.0,2,2
55.668884653407375,-121.54903376580346,55.5583169456391,1980.0,6,2
50.27155253094583,-118.88807562364906,87.8738270094893,1722.0,0,6
49.03920453794624,-122.87615212573743,313.2915986274203,1332.0,12,0
51.24109253132313,-118.94111162471701,47.50675163407541,650.0,0,6
48.80181113266557,-123.68355393102021,14.921107000912855,3782.0,12,2
49.153283932951325,-122.37826119364371,-0.7639340594221045,1332.0,6,2
49.318003580294196,-123.09449600036349,56.27386045873988,1332.0,2,6
49.303409098221096,-124.429423442602,12.364054402799061,1122.0,2,2
53.97161994591804,-122.60581395283464,157.21016245557158,30.0,20,0
49.08414261201664,-122.5847544218498,173.75327955122086,1332.0,12,0
48.65254837622876,-123.56468341020343,10.217567312200789,2862.0,0,2
49.50058274607593,-124.82549374989723,36.928191381379364,1260.0,0,6
53.72176179162375,-123.13830840555138,165.37904597480926,30.0,20,2
54.83346819146952,-127.21402066665186,256.42024814596823,210.0,42,6
48.66371155816413,-123.6313257669813,9.900461089166546,2862.0,0,2
49.055905156609306,-122.31453804372292,136.7603992551764,1332.0,12,0
49.134958836543014,-123.76860460223917,17.568206368573463,1056.0,12,0
50.695425413412245,-120.62934073513284,40.270825865449716,650.0,6,2
54.07433640667617,-124.8881564384201,144.40727453050752,210.0,20,0
50.967048811599426,-119.24104569918842,42.56052306781873,650.0,42,0
48.50329207770161,-123.46403956634319,12.785656387930244,3906.0,12,2
53.837349577235216,-122.93998858698842,320.5862022998824,30.0,20,0
48.84482012769564,-123.27332941955783,1.5898184972697442,272.0,42,6
48.83096344050135,-123.29475875358109,7.962001006242943,272.0,0,6
56.29504986479537,-120.98172988545289,132.46820331485318,1980.0,42,6
48.37382736745778,-123.56199371676783,5.8143373320332135,930.0,42,6
49.8502770764723,-119.62058997057014,23.81273179904427,1722.0,0,2
49.476047728429606,-119.1002208941109,35.270049065065066,2970.0,6,0
49.064685243782385,-122.47177485357706,683.5311163041015,1332.0,12,0
53.016529989377446,-122.65612666716824,25.42940597368497,30.0,56,0
49.1407687942915,-122.62874771767632,105.8659222563711,1332.0,12,0
49.01117227792983,-122.282087906736,52.63717154954959,1332.0,42,6
49.88784944840805,-125.13312734682987,42.65314931446313,240.0,6,0
49.78585631847424,-115.72993367489924,82.17508761991165,702.0,6,0
49.00448538638233,-118.5013472457475,110.40325153827658,2970.0,2,0
48.82237030520923,-123.66672049337933,12.335985586145766,3782.0,2,2
50.68324963217028,-121.93572365619532,60.997408427925535,756.0,0,6
49.18857119472565,-121.82558130477713,76.64428834563789,1332.0,6,0
56.44637378449863,-120.9260397103709,275.4895788730023,1980.0,0,2
49.78868495702894,-124.41164283714943,107.40456422861443,1332.0,6,0
49.04058129807105,-123.85344536303026,18.88824247086688,1892.0,42,6
49.22796623521496,-122.46463450967268,78.50909061623966,1332.0,20,0
48.66371155816413,-123.6313257669813,3.5001660909412196,2862.0,0,2
49.06833860960014,-122.80335286745192,353.94023890172923,1332.0,12,0
49.49259533557051,-115.80818273815846,39.35066077176917,702.0,0,6
50.397626442010896,-119.27709625582317,249.56013456576133,1722.0,6,2
49.040831293553076,-122.56180135189449,150.26762317145884,1332.0,12,0
49.05884827073377,-122.1625421135837,35.174528712195475,1332.0,2,0
48.789775683486376,-123.40948318418799,9.60945709061191,272.0,12,0
49.6340656124196,-114.6952077921774,43.20946026789968,702.0,20,0
49.870141584974654,-117.42118921281146,8.842020729774859,702.0,56,2
48.60597465615657,-123.4382751127797,5.637652657284449,4160.0,2,2
49.285956500687945,-124.91301766869465,16.931761063688786,2.0,20,2
49.78718346548251,-115.74424844563421,78.85511815857411,702.0,6,0
49.16045873558044,-122.6504656498809,152.11696064833498,1332.0,12,0
50.63759664837665,-120.10490931098184,199.17754359937376,650.0,2,2
49.01156213313736,-122.35952552370354,273.6278372979421,1332.0,42,6
50.50821955474206,-119.35290588851888,46.47720301667094,650.0,6,0
49.209856330982355,-119.79310277562605,19.2125716107304,2970.0,6,0
49.42199402902557,-119.56941859659777,3.243747254335652,2970.0,20,2
48.82549999425602,-123.46544212160853,7.124889929852963,272.0,0,2
48.78558372931088,-123.50168063505984,46.482624187338104,272.0,2,0
49.18157059303258,-119.75954097419543,23.018072330382786,2970.0,6,0
48.67563575360787,-123.4749567444609,18.63784443924319,1640.0,12,2
53.983585936794086,-122.72356666122262,139.14901834487625,30.0,20,0
49.49546444762353,-117.36021919410892,35.25370431813327,702.0,0,2
49.03178618538687,-122.32635555238619,267.90783984620856,1332.0,12,0
49.135910192184156,-123.71734961459576,33.542363660423405,1056.0,12,2
49.08573164058643,-122.69296693214329,246.94586201291725,1332.0,12,0
50.04739530542577,-119.40268368239987,62.3901623845125,1722.0,12,0
49.575421563448415,-117.22991729188055,104.21326966656675,702.0,42,0
50.09996503486786,-125.20879703920406,70.37692161348909,2652.0,12,0
49.199952937663525,-119.86848658054893,191.25693992907873,2970.0,0,6
52.167611024129776,-124.0650392214376,54.97366611194487,156.0,2,0
49.00217550767658,-123.62807844574948,3.7988669151467382,272.0,42,6
49.367258481590106,-121.51358274022498,39.512488576227376,3540.0,56,6
48.88171708602637,-123.68183596010175,44.8487247019106,72.0,12,0
50.90936042524576,-119.45745910887071,35.2917263770662,650.0,56,6
55.616451045704075,-122.26171158507357,91.27345345662266,1980.0,42,0
49.18324019460274,-122.77873974965544,323.67733275644434,1332.0,12,0
49.202632823188566,-122.4682022263914,106.50033133422818,1332.0,20,0
49.37219955473807,-120.0244234345932,11.47603399323513,2970.0,6,2
50.57529223209464,-119.35936135667644,90.10218988537116,650.0,6,0
53.04073214691405,-119.577652092425,170.59945322955355,30.0,6,0
50.81846244550843,-120.29421027897139,95.9466343352019,650.0,2,0
49.02694813174866,-119.36424817351637,13.744504441096039,2970.0,72,2
50.9196952722103,-118.80048585797417,107.31909816448899,650.0,6,0
49.07471144070439,-122.4030381939069,437.61734294811833,1332.0,12,0
49.09437679614498,-123.88249878199409,13.61488393062262,342.0,2,2
49.36120042426207,-123.38665889913526,19.069538158006203,1332.0,42,6
50.13407640581411,-114.88914249035618,105.42766004961766,702.0,0,6
49.88955222112061,-119.24562443216888,18.857421444482846,1722.0,12,6
48.368798674569646,-123.83121003981044,7.510877702584748,1806.0,20,2
50.587062203051005,-119.15984276901884,6.06025977714839,650.0,30,2
55.7698538142266,-120.73866551996319,54.582127359796075,1980.0,30,0
48.767616309144415,-123.69859051594024,44.54415662357357,2070.0,2,0
48.789775683486376,-123.40948318418799,-0.4264193269816893,272.0,0,6
49.424998525402465,-120.56783599021081,68.3194465485251,3540.0,2,6
51.6081264463118,-120.83197483272097,36.72517399570141,756.0,2,2
48.80980329031428,-123.71700453694905,46.47227283998438,3782.0,6,0
49.04782591178223,-123.8320145487728,6.7559763034857605,1892.0,12,2
49.18514569398578,-122.73872553405653,289.7784257306359,1332.0,12,0
48.70984675472936,-123.57977461142988,99.39705713720458,2862.0,2,0
49.53119811708301,-119.54303030250045,4.913845802979597,3540.0,0,2
49.15765138565177,-123.73130981033471,14.060916338787028,1056.0,42,6
49.77706569936081,-126.03754933720629,53.69801743825246,1560.0,30,0
48.861330747562164,-123.27407424760348,4.532640875597624,272.0,12,0
49.88955222112061,-119.24562443216888,146.41573681600306,1722.0,6,2
49.882141916042045,-125.20256194573174,119.43058887123676,240.0,56,0
54.32395458443512,-125.87276316168183,260.0480904508847,210.0,20,0
51.5477674665332,-120.91185629865589,100.03167394505857,756.0,2,6
49.084989777723116,-122.54342135987838,64.97021928779556,1332.0,12,0
49.174236631778335,-123.79187052753154,25.251831129890906,1056.0,42,6
49.08618599605261,-123.84801366720939,7.950382401683622,56.0,42,6
49.294044487122065,-124.30179142093982,117.52043905546381,1122.0,12,0
49.15765138565177,-123.73130981033471,-0.09306894276231437,1056.0,12,2
49.14539635316286,-119.59339970054717,108.89164627792418,2970.0,2,2
49.78868495702894,-124.41164283714943,109.0124910757266,1332.0,20,0
50.41212656073023,-119.31639438540962,308.180640982045,650.0,20,0
53.97393789274612,-122.72015608950521,113.88631367013248,30.0,20,0
49.88328118251408,-119.39790241043212,251.36504509156367,1722.0,42,0
49.091325438064395,-122.01262272474922,12.732933823784396,1332.0,12,0
49.354686114359694,-119.70757219100612,12.728749502797072,2970.0,0,6
49.04058129807105,-123.85344536303026,4.866399311769998,1892.0,12,2
49.01475093502155,-122.3301199646003,184.64805905991926,1332.0,56,6
49.03485403431566,-122.67363980763488,201.48487475033096,1332.0,12,0
50.613823575095154,-119.14739205485118,84.54907579959678,650.0,6,0
49.09846609086928,-122.55818569672114,195.6964232036843,1332.0,12,0
50.61336100908186,-119.22611520227014,43.179591440112425,650.0,42,6
49.95628399355517,-116.90134366891932,41.87516667240267,702.0,6,0
49.58881917198043,-119.73535234559644,106.32340861044987,1722.0,90,6
49.52299989348819,-123.36255879448383,11.287448509054848,1332.0,0,6
52.84448869023378,-122.40896281307688,72.38359172422915,30.0,2,6
52.104420067549604,-122.18300689968153,279.3696832103995,30.0,12,2
49.202632823188566,-122.4682022263914,101.50339881474028,1332.0,20,0
50.68801333556172,-119.35927086255464,72.6393879251228,650.0,6,0
49.06532661027234,-123.87695605021788,55.324082749147244,342.0,6,0
48.66027308987869,-123.54751502250959,9.193391353090762,2862.0,2,2
49.04693019935283,-122.49075969797575,296.5661503511227,1332.0,30,0
49.10437313505457,-122.73935504986227,249.2532734685281,1332.0,12,0
49.80778421579767,-125.11287677877571,193.6650394003668,240.0,6,0
48.77348669967901,-123.837843879369,213.03419152870276,2550.0,0,2
55.3099748644484,-123.13717828526116,43.00469460764273,30.0,0,0
53.98198028737271,-122.69831251466941,96.03044197933221,30.0,20,0
49.16990944426007,-123.84667812360452,3.0064560999161687,1056.0,12,2
54.21941940539986,-125.75866930794353,101.86854017858515,210.0,20,0
49.22096074891713,-122.55499284463565,72.38169027347125,1332.0,6,0
49.32281665861827,-122.46572562567368,130.21602952167996,1332.0,20,6
49.54721236642162,-124.67068522911536,8.895861702018651,1056.0,12,2
49.79772338037881,-124.49491281369355,125.25968862282252,1332.0,6,0
49.29479478723291,-122.72061106318024,38.06992089188447,1332.0,20,0
55.01883048258472,-128.32115252998705,69.98566536452897,42.0,42,6
48.83096344050135,-123.29475875358109,5.044957794272266,272.0,0,6
50.09327952944269,-125.24322512571138,-0.7852286097481418,2652.0,6,2
50.56432222772847,-120.3782684358236,24.464066682972998,650.0,0,6
49.026835119388416,-122.51359752784495,196.1693493878392,1332.0,12,0
53.23586447831566,-131.84997839287377,12.472240819951741,2162.0,12,0
53.837349577235216,-122.93998858698842,304.8795965335366,30.0,20,0
48.73408034803694,-123.68738226848139,62.43437117861898,2070.0,12,0
48.78449350231064,-123.84972617014571,69.27636491194039,2550.0,12,2
49.17904630386084,-123.91967898333301,5.422141761049383,992.0,6,0
50.13655239415513,-120.8352196365962,87.60809196395643,650.0,6,0
48.811575078679255,-123.31849251647972,18.072982225650065,272.0,12,2
54.514467639410526,-126.76650887202072,140.40062494631397,210.0,20,0
48.93724447566709,-123.59346436274063,7.144372442636678,272.0,12,2
48.407214783172215,-123.56981895159986,3.8588854015168463,506.0,42,2
49.35999927622851,-124.62967613848025,79.98996436581332,2.0,0,6
49.321841327291416,-122.90359083615533,1.785333202607784,1332.0,0,0
51.37548989362826,-121.26127578732842,64.88198493915651,756.0,0,6
49.05908075308108,-119.00140967390715,70.92616396806923,2970.0,6,2
49.39127579025596,-124.61693904476735,114.49583792037092,1260.0,6,0
49.072806704386366,-122.65478480593981,202.3426517833017,1332.0,12,0
48.848231770747525,-123.45219147947991,11.423821949117295,272.0,56,6
49.88328118251408,-119.39790241043212,202.38515310122568,1722.0,6,0
49.43550495237665,-119.08832957768732,6.520084698838589,2970.0,6,0
49.299302247825494,-124.33899631205058,0.014993082201097074,1122.0,12,2
49.0612663091933,-122.64846788311303,196.44272859338923,1332.0,12,0
49.16679041825573,-123.85683678698882,6.154019668287158,1056.0,12,2
49.15240090130544,-122.67353058630286,214.40789761692395,1332.0,12,0
50.85379280043131,-120.26685262843719,139.66033094647997,650.0,0,6
