index,latitude,longitude
0,-122.06436825344936,49.063731699118065
1,-122.06436825344936,49.063731699118065
2,-122.06436825344936,49.063731699118065
3,-122.06436825344936,49.063731699118065
4,-122.06436825344936,49.063731699118065
5,-122.06436825344936,49.063731699118065
6,-122.06436825344936,49.063731699118065
7,-122.06436825344936,49.063731699118065
8,-122.06436825344936,49.063731699118065
9,-122.06436825344936,49.063731699118065
10,-122.06436825344936,49.063731699118065
11,-122.06436825344936,49.063731699118065
12,-122.06436825344936,49.063731699118065
13,-122.06436825344936,49.063731699118065
14,-122.06436825344936,49.063731699118065
15,-121.86730620673431,49.09307352302181
16,-121.96016777572667,49.10631012111698
17,-122.04696936053213,49.10212312333188
18,-122.0048819748701,49.10538555853741
19,-122.02788882684736,49.10364015997879
20,-122.0048819748701,49.10538555853741
21,-121.84007221466713,49.10129772605597
22,-122.06653273568737,49.10713978663777
23,-121.98824418663968,49.10486586844265
24,-121.98824418663968,49.10486586844265
25,-121.84007221466713,49.10129772605597
26,-121.96016777572667,49.10631012111698
27,-121.90235684169501,49.098406987631044
28,-121.88716760006456,49.09189154171944
29,-121.8952399194827,49.108136127795035
30,-121.8952399194827,49.108136127795035
31,-121.8952399194827,49.108136127795035
32,-121.91976879543598,49.09865638665711
33,-122.06653273568737,49.10713978663777
34,-121.90235684169501,49.098406987631044
35,-121.97180217708117,49.09721990775146
36,-121.98824418663968,49.10486586844265
37,-121.90235684169501,49.098406987631044
38,-122.04696936053213,49.10212312333188
39,-122.03428238089364,49.086402696682086
40,-121.91976879543598,49.09865638665711
41,-121.91976879543598,49.09865638665711
42,-122.0653514507214,49.08270974750745
43,-122.0653514507214,49.08270974750745
44,-121.87048458688628,49.10456142319759
45,-121.87048458688628,49.10456142319759
46,-121.98824418663968,49.10486586844265
47,-121.98824418663968,49.10486586844265
48,-121.90235684169501,49.098406987631044
49,-121.88120600609756,49.10787277155252
50,-121.90235684169501,49.098406987631044
51,-121.93843044040932,49.101863832851876
52,-122.01900874074134,49.10032104435714
53,-122.0048819748701,49.10538555853741
54,-122.04696936053213,49.10212312333188
55,-121.90235684169501,49.098406987631044
56,-121.88077448532243,49.121183247607775
57,-121.96016777572667,49.10631012111698
58,-122.01900874074134,49.10032104435714
59,-121.8952399194827,49.108136127795035
60,-122.0653514507214,49.08270974750745
61,-122.06436825344936,49.063731699118065
62,-122.06436825344936,49.063731699118065
63,-122.06436825344936,49.063731699118065
64,-122.06436825344936,49.063731699118065
65,-122.06436825344936,49.063731699118065
66,-122.06436825344936,49.063731699118065
67,-122.04696936053213,49.10212312333188
68,-122.06436825344936,49.063731699118065
69,-122.06436825344936,49.063731699118065
70,-122.06436825344936,49.063731699118065
71,-121.98824418663968,49.10486586844265
72,-121.96016777572667,49.10631012111698
73,-122.00876100140461,49.093411349080576
74,-122.0048819748701,49.10538555853741
75,-121.97287527363285,49.107185397956826
76,-121.97287527363285,49.107185397956826
77,-122.03453233438772,49.11737896706711
78,-122.06436825344936,49.063731699118065
79,-122.01900874074134,49.10032104435714
80,-122.06436825344936,49.063731699118065
81,-122.06436825344936,49.063731699118065
82,-122.06436825344936,49.063731699118065
83,-122.06436825344936,49.063731699118065
84,-122.06436825344936,49.063731699118065
85,-122.06436825344936,49.063731699118065
86,-122.06436825344936,49.063731699118065
87,-121.92479061139952,49.11999772390342
88,-121.92479061139952,49.11999772390342
89,-122.06653273568737,49.10713978663777
90,-121.93843044040932,49.101863832851876
91,-121.93843044040932,49.101863832851876
92,-122.06436825344936,49.063731699118065
93,-122.06436825344936,49.063731699118065
94,-122.0048819748701,49.10538555853741
95,-122.06436825344936,49.063731699118065
96,-121.97180217708117,49.09721990775146
97,-121.97180217708117,49.09721990775146
98,-121.98824418663968,49.10486586844265
99,-122.03428238089364,49.086402696682086
100,-122.06436825344936,49.063731699118065
101,-122.04696936053213,49.10212312333188
102,-122.06436825344936,49.063731699118065
103,-121.98824418663968,49.10486586844265
104,-122.06653273568737,49.10713978663777
105,-121.99255448065531,49.11977379162716
106,-121.99255448065531,49.11977379162716
107,-122.03428238089364,49.086402696682086
108,-122.06436825344936,49.063731699118065
109,-122.06436825344936,49.063731699118065
110,-122.01259697312776,49.11669875697971
111,-122.01259697312776,49.11669875697971
112,-122.0048819748701,49.10538555853741
113,-122.0653514507214,49.08270974750745
114,-122.06436825344936,49.063731699118065
115,-122.04532317323071,49.08427144229445
116,-122.07159952794687,49.11731609472796
117,-122.07159952794687,49.11731609472796
118,-122.06436825344936,49.063731699118065
119,-122.04696936053213,49.10212312333188
120,-122.06436825344936,49.063731699118065
121,-122.07159952794687,49.11731609472796
122,-122.0048819748701,49.10538555853741
123,-122.07159952794687,49.11731609472796
124,-122.06436825344936,49.063731699118065
125,-122.07159952794687,49.11731609472796
126,-122.04696936053213,49.10212312333188
127,-122.00876100140461,49.093411349080576
128,-122.04461714333287,49.11655687804467
129,-122.03453233438772,49.11737896706711
130,-122.06436825344936,49.063731699118065
131,-122.04554463189565,49.130654370670854
132,-122.01259697312776,49.11669875697971
133,-122.06653273568737,49.10713978663777
134,-122.06653273568737,49.10713978663777
135,-122.06653273568737,49.10713978663777
136,-122.06653273568737,49.10713978663777
137,-122.06653273568737,49.10713978663777
138,-122.06653273568737,49.10713978663777
139,-122.06105107281418,49.11591211432145
140,-122.04696936053213,49.10212312333188
141,-122.04696936053213,49.10212312333188
142,-122.04461714333287,49.11655687804467
143,-122.04461714333287,49.11655687804467
144,-122.0844970061721,49.126540527959584
145,-122.07159952794687,49.11731609472796
146,-122.07159952794687,49.11731609472796
147,-122.06105107281418,49.11591211432145
148,-122.06105107281418,49.11591211432145
149,-122.07159952794687,49.11731609472796
150,-122.07159952794687,49.11731609472796
151,-122.04461714333287,49.11655687804467
152,-122.07159952794687,49.11731609472796
153,-122.06105107281418,49.11591211432145
154,-122.07159952794687,49.11731609472796
155,-122.06105107281418,49.11591211432145
156,-122.07159952794687,49.11731609472796
157,-122.07159952794687,49.11731609472796
158,-122.06105107281418,49.11591211432145
159,-122.06105107281418,49.11591211432145
160,-122.04461714333287,49.11655687804467
161,-122.02788882684736,49.10364015997879
162,-122.04696936053213,49.10212312333188
163,-122.04696936053213,49.10212312333188
164,-122.04696936053213,49.10212312333188
165,-122.04696936053213,49.10212312333188
166,-122.04461714333287,49.11655687804467
167,-122.04461714333287,49.11655687804467
168,-122.04696936053213,49.10212312333188
169,-122.02788882684736,49.10364015997879
170,-122.0048819748701,49.10538555853741
171,-122.01900874074134,49.10032104435714
172,-122.01900874074134,49.10032104435714
173,-122.04461714333287,49.11655687804467
174,-122.04461714333287,49.11655687804467
175,-122.03453233438772,49.11737896706711
176,-122.04461714333287,49.11655687804467
177,-122.04461714333287,49.11655687804467
178,-122.04461714333287,49.11655687804467
179,-122.04461714333287,49.11655687804467
180,-122.04461714333287,49.11655687804467
181,-122.03453233438772,49.11737896706711
182,-122.03453233438772,49.11737896706711
183,-122.03453233438772,49.11737896706711
184,-122.03453233438772,49.11737896706711
185,-122.04461714333287,49.11655687804467
186,-122.03453233438772,49.11737896706711
187,-122.04461714333287,49.11655687804467
188,-122.03453233438772,49.11737896706711
189,-122.04461714333287,49.11655687804467
190,-122.03453233438772,49.11737896706711
191,-122.03453233438772,49.11737896706711
192,-122.0844970061721,49.126540527959584
193,-122.0844970061721,49.126540527959584
194,-122.0844970061721,49.126540527959584
195,-122.0627174833831,49.13026394655687
196,-122.07159952794687,49.11731609472796
197,-122.07159952794687,49.11731609472796
198,-122.0627174833831,49.13026394655687
199,-122.0627174833831,49.13026394655687
200,-122.0627174833831,49.13026394655687
201,-122.0627174833831,49.13026394655687
202,-122.0844970061721,49.126540527959584
203,-122.04554463189565,49.130654370670854
204,-122.04554463189565,49.130654370670854
205,-122.04554463189565,49.130654370670854
206,-122.04554463189565,49.130654370670854
207,-122.04554463189565,49.130654370670854
208,-122.04554463189565,49.130654370670854
209,-122.02689998537012,49.133565875984
210,-122.04554463189565,49.130654370670854
211,-122.04554463189565,49.130654370670854
212,-122.02689998537012,49.133565875984
213,-122.02689998537012,49.133565875984
214,-122.02689998537012,49.133565875984
215,-122.02689998537012,49.133565875984
216,-122.02689998537012,49.133565875984
217,-122.02689998537012,49.133565875984
218,-122.02689998537012,49.133565875984
219,-122.04554463189565,49.130654370670854
220,-122.0045743698428,49.140411377754084
221,-122.00876100140461,49.093411349080576
222,-122.01900874074134,49.10032104435714
223,-122.00876100140461,49.093411349080576
224,-122.04696936053213,49.10212312333188
225,-122.04696936053213,49.10212312333188
226,-122.00876100140461,49.093411349080576
227,-122.04696936053213,49.10212312333188
228,-122.05585825178228,49.08470857786123
229,-122.00876100140461,49.093411349080576
230,-122.04696936053213,49.10212312333188
231,-122.01900874074134,49.10032104435714
232,-122.05585825178228,49.08470857786123
233,-122.01900874074134,49.10032104435714
234,-122.00876100140461,49.093411349080576
235,-122.01900874074134,49.10032104435714
236,-122.01259697312776,49.11669875697971
237,-122.01259697312776,49.11669875697971
238,-122.04532317323071,49.08427144229445
239,-122.04696936053213,49.10212312333188
240,-122.0048819748701,49.10538555853741
241,-122.0653514507214,49.08270974750745
242,-122.02689998537012,49.133565875984
243,-122.0627174833831,49.13026394655687
244,-122.00876100140461,49.093411349080576
245,-122.0627174833831,49.13026394655687
246,-122.06653273568737,49.10713978663777
247,-122.06105107281418,49.11591211432145
248,-122.01900874074134,49.10032104435714
249,-122.06653273568737,49.10713978663777
250,-122.00876100140461,49.093411349080576
251,-122.03428238089364,49.086402696682086
252,-122.01900874074134,49.10032104435714
253,-122.00876100140461,49.093411349080576
254,-122.0653514507214,49.08270974750745
255,-122.0653514507214,49.08270974750745
256,-122.0844970061721,49.126540527959584
257,-122.0844970061721,49.126540527959584
258,-122.04532317323071,49.08427144229445
259,-122.04532317323071,49.08427144229445
260,-122.05585825178228,49.08470857786123
261,-122.03428238089364,49.086402696682086
262,-122.03511979951182,49.15737422227293
263,-122.02788882684736,49.10364015997879
264,-122.03453233438772,49.11737896706711
265,-122.07159952794687,49.11731609472796
266,-122.00876100140461,49.093411349080576
267,-122.03453233438772,49.11737896706711
268,-122.04554463189565,49.130654370670854
269,-122.0045743698428,49.140411377754084
270,-122.0627174833831,49.13026394655687
271,-122.04554463189565,49.130654370670854
272,-122.03428238089364,49.086402696682086
273,-122.03428238089364,49.086402696682086
274,-122.0627174833831,49.13026394655687
275,-122.00876100140461,49.093411349080576
276,-122.04532317323071,49.08427144229445
277,-122.04532317323071,49.08427144229445
278,-122.04461714333287,49.11655687804467
279,-122.04532317323071,49.08427144229445
280,-122.04532317323071,49.08427144229445
281,-122.05585825178228,49.08470857786123
282,-122.02788882684736,49.10364015997879
283,-122.0627174833831,49.13026394655687
284,-122.04554463189565,49.130654370670854
285,-122.02788882684736,49.10364015997879
286,-122.0048819748701,49.10538555853741
287,-122.07159952794687,49.11731609472796
288,-122.02689998537012,49.133565875984
289,-122.01259697312776,49.11669875697971
290,-122.03453233438772,49.11737896706711
291,-122.0627174833831,49.13026394655687
292,-122.06653273568737,49.10713978663777
293,-122.04554463189565,49.130654370670854
294,-122.07159952794687,49.11731609472796
295,-122.0048819748701,49.10538555853741
296,-122.05585825178228,49.08470857786123
297,-122.0627174833831,49.13026394655687
298,-122.0844970061721,49.126540527959584
299,-122.02689998537012,49.133565875984
300,-122.0048819748701,49.10538555853741
301,-122.02689998537012,49.133565875984
302,-122.04461714333287,49.11655687804467
303,-122.04554463189565,49.130654370670854
304,-122.04532317323071,49.08427144229445
305,-122.0844970061721,49.126540527959584
306,-122.02689998537012,49.133565875984
307,-122.0627174833831,49.13026394655687
308,-122.06105107281418,49.11591211432145
309,-122.02788882684736,49.10364015997879
310,-122.02689998537012,49.133565875984
311,-122.0844970061721,49.126540527959584
312,-122.02788882684736,49.10364015997879
313,-122.04461714333287,49.11655687804467
314,-122.0653514507214,49.08270974750745
315,-122.0045743698428,49.140411377754084
316,-122.01259697312776,49.11669875697971
317,-122.02689998537012,49.133565875984
318,-122.0627174833831,49.13026394655687
319,-122.0627174833831,49.13026394655687
320,-122.02689998537012,49.133565875984
321,-122.0627174833831,49.13026394655687
322,-122.02689998537012,49.133565875984
323,-122.0627174833831,49.13026394655687
324,-122.04532317323071,49.08427144229445
325,-122.06436825344936,49.063731699118065
326,-122.06436825344936,49.063731699118065
327,-122.06436825344936,49.063731699118065
328,-122.05585825178228,49.08470857786123
329,-122.06436825344936,49.063731699118065
330,-122.06436825344936,49.063731699118065
331,-122.05585825178228,49.08470857786123
332,-122.06436825344936,49.063731699118065
333,-122.06436825344936,49.063731699118065
334,-122.06436825344936,49.063731699118065
335,-122.06436825344936,49.063731699118065
336,-122.06436825344936,49.063731699118065
337,-122.06436825344936,49.063731699118065
338,-122.06436825344936,49.063731699118065
339,-122.05585825178228,49.08470857786123
340,-122.06436825344936,49.063731699118065
341,-122.05585825178228,49.08470857786123
342,-122.06436825344936,49.063731699118065
343,-122.06436825344936,49.063731699118065
344,-122.06436825344936,49.063731699118065
345,-122.06436825344936,49.063731699118065
346,-122.06436825344936,49.063731699118065
347,-122.06436825344936,49.063731699118065
348,-122.06436825344936,49.063731699118065
349,-122.06436825344936,49.063731699118065
350,-122.06436825344936,49.063731699118065
351,-122.06436825344936,49.063731699118065
352,-122.06436825344936,49.063731699118065
353,-122.06436825344936,49.063731699118065
354,-122.06436825344936,49.063731699118065
355,-122.06436825344936,49.063731699118065
356,-122.06436825344936,49.063731699118065
357,-122.05585825178228,49.08470857786123
358,-122.06436825344936,49.063731699118065
359,-122.06436825344936,49.063731699118065
360,-122.06436825344936,49.063731699118065
361,-122.06436825344936,49.063731699118065
362,-122.06436825344936,49.063731699118065
363,-122.06436825344936,49.063731699118065
364,-122.06436825344936,49.063731699118065
365,-122.06436825344936,49.063731699118065
366,-122.01975638027352,49.16180151434089
367,-121.83145200601795,49.15710432370357
368,-121.94798940266995,49.16703625420108
369,-121.87137617128568,49.146388192111665
370,-122.03511979951182,49.15737422227293
371,-121.93445253096091,49.1530275332354
372,-121.87106767967258,49.159594745227814
373,-122.01975638027352,49.16180151434089
374,-121.85753859607445,49.156639776651254
375,-121.80672404612076,49.164941096316156
376,-121.89002091085905,49.156115462010625
377,-122.01975638027352,49.16180151434089
378,-121.93445253096091,49.1530275332354
379,-121.99761482264722,49.150347948157524
380,-121.79181328383346,49.16283554523125
381,-122.03511979951182,49.15737422227293
382,-122.01975638027352,49.16180151434089
383,-121.80672404612076,49.164941096316156
384,-121.80672404612076,49.164941096316156
385,-121.87106767967258,49.159594745227814
386,-121.87106767967258,49.159594745227814
387,-121.85753859607445,49.156639776651254
388,-121.89002091085905,49.156115462010625
389,-121.91993131042129,49.161704027777205
390,-121.83105593993217,49.16680868416228
391,-121.80672404612076,49.164941096316156
392,-121.79181328383346,49.16283554523125
393,-121.83145200601795,49.15710432370357
394,-121.89002091085905,49.156115462010625
395,-121.99761482264722,49.150347948157524
396,-121.85333679668688,49.17466531415421
397,-121.89002091085905,49.156115462010625
398,-121.79181328383346,49.16283554523125
399,-121.99761482264722,49.150347948157524
400,-121.85753859607445,49.156639776651254
401,-121.79181328383346,49.16283554523125
402,-121.9560534802606,49.169953415925264
403,-121.98824418663968,49.10486586844265
404,-121.96016777572667,49.10631012111698
405,-121.9569346380605,49.12424894234747
406,-121.97180217708117,49.09721990775146
407,-121.97180217708117,49.09721990775146
408,-121.96016777572667,49.10631012111698
409,-121.96016777572667,49.10631012111698
410,-121.96016777572667,49.10631012111698
411,-121.96016777572667,49.10631012111698
412,-121.97287527363285,49.107185397956826
413,-121.96016777572667,49.10631012111698
414,-121.98824418663968,49.10486586844265
415,-121.98824418663968,49.10486586844265
416,-121.99255448065531,49.11977379162716
417,-121.98824418663968,49.10486586844265
418,-121.99255448065531,49.11977379162716
419,-121.96016777572667,49.10631012111698
420,-121.97287527363285,49.107185397956826
421,-121.96016777572667,49.10631012111698
422,-121.96016777572667,49.10631012111698
423,-121.9569346380605,49.12424894234747
424,-121.96016777572667,49.10631012111698
425,-121.97287527363285,49.107185397956826
426,-121.96016777572667,49.10631012111698
427,-121.99255448065531,49.11977379162716
428,-121.97287527363285,49.107185397956826
429,-121.97287527363285,49.107185397956826
430,-121.97180217708117,49.09721990775146
431,-121.97287527363285,49.107185397956826
432,-121.97287527363285,49.107185397956826
433,-121.97287527363285,49.107185397956826
434,-121.97180217708117,49.09721990775146
435,-121.98824418663968,49.10486586844265
436,-121.97552666968667,49.14527543200112
437,-121.97552666968667,49.14527543200112
438,-121.98824418663968,49.10486586844265
439,-121.96016777572667,49.10631012111698
440,-121.97552666968667,49.14527543200112
441,-121.96016777572667,49.10631012111698
442,-121.96016777572667,49.10631012111698
443,-121.9569346380605,49.12424894234747
444,-121.96016777572667,49.10631012111698
445,-121.96016777572667,49.10631012111698
446,-121.97287527363285,49.107185397956826
447,-121.96016777572667,49.10631012111698
448,-121.96016777572667,49.10631012111698
449,-121.96016777572667,49.10631012111698
450,-121.9569346380605,49.12424894234747
451,-121.9569346380605,49.12424894234747
452,-121.97180217708117,49.09721990775146
453,-121.99761482264722,49.150347948157524
454,-121.9569346380605,49.12424894234747
455,-121.96016777572667,49.10631012111698
456,-121.96016777572667,49.10631012111698
457,-121.97180217708117,49.09721990775146
458,-121.96016777572667,49.10631012111698
459,-121.96016777572667,49.10631012111698
460,-121.98824418663968,49.10486586844265
461,-121.97180217708117,49.09721990775146
462,-121.96016777572667,49.10631012111698
463,-121.97287527363285,49.107185397956826
464,-121.97287527363285,49.107185397956826
465,-121.97287527363285,49.107185397956826
466,-121.97552666968667,49.14527543200112
467,-121.96016777572667,49.10631012111698
468,-121.98824418663968,49.10486586844265
469,-121.96016777572667,49.10631012111698
470,-121.97180217708117,49.09721990775146
471,-121.98824418663968,49.10486586844265
472,-121.98824418663968,49.10486586844265
473,-121.98824418663968,49.10486586844265
474,-121.98824418663968,49.10486586844265
475,-121.98824418663968,49.10486586844265
476,-121.97180217708117,49.09721990775146
477,-121.97180217708117,49.09721990775146
478,-121.98824418663968,49.10486586844265
479,-121.97552666968667,49.14527543200112
480,-121.99761482264722,49.150347948157524
481,-121.97180217708117,49.09721990775146
482,-121.97180217708117,49.09721990775146
483,-121.97180217708117,49.09721990775146
484,-121.96016777572667,49.10631012111698
485,-121.96350800699204,49.13412817800192
486,-121.9825517641361,49.12673142328081
487,-121.98824418663968,49.10486586844265
488,-121.96016777572667,49.10631012111698
489,-121.97180217708117,49.09721990775146
490,-121.96016777572667,49.10631012111698
491,-121.96350800699204,49.13412817800192
492,-121.99255448065531,49.11977379162716
493,-122.00876100140461,49.093411349080576
494,-121.98824418663968,49.10486586844265
495,-121.96350800699204,49.13412817800192
496,-121.9569346380605,49.12424894234747
497,-122.0045743698428,49.140411377754084
498,-122.0048819748701,49.10538555853741
499,-121.9569346380605,49.12424894234747
500,-121.97180217708117,49.09721990775146
501,-121.97180217708117,49.09721990775146
502,-121.96350800699204,49.13412817800192
503,-121.96350800699204,49.13412817800192
504,-121.96350800699204,49.13412817800192
505,-122.0045743698428,49.140411377754084
506,-121.9825517641361,49.12673142328081
507,-121.96350800699204,49.13412817800192
508,-122.0045743698428,49.140411377754084
509,-122.0045743698428,49.140411377754084
510,-122.00876100140461,49.093411349080576
511,-121.9569346380605,49.12424894234747
512,-122.0048819748701,49.10538555853741
513,-122.00876100140461,49.093411349080576
514,-122.0045743698428,49.140411377754084
515,-121.9825517641361,49.12673142328081
516,-121.9825517641361,49.12673142328081
517,-121.84007221466713,49.10129772605597
518,-121.81254363976241,49.14529496730127
519,-121.81254363976241,49.14529496730127
520,-121.81254363976241,49.14529496730127
521,-121.81254363976241,49.14529496730127
522,-121.81254363976241,49.14529496730127
523,-121.81254363976241,49.14529496730127
524,-121.827407562285,49.130295189487654
525,-121.827407562285,49.130295189487654
526,-121.827407562285,49.130295189487654
527,-121.827407562285,49.130295189487654
528,-121.827407562285,49.130295189487654
529,-121.827407562285,49.130295189487654
530,-121.81254363976241,49.14529496730127
531,-121.85333679668688,49.17466531415421
532,-121.82812178229159,49.188906887775474
533,-121.82404198120882,49.20616451479875
534,-121.80774966459751,49.19786592442603
535,-121.82812178229159,49.188906887775474
536,-121.80672404612076,49.164941096316156
537,-121.79181328383346,49.16283554523125
538,-121.86775409614292,49.18978559124203
539,-121.83949766281452,49.200748928045535
540,-121.82404198120882,49.20616451479875
541,-121.82404198120882,49.20616451479875
542,-121.84896558976907,49.194288344826916
543,-121.80774966459751,49.19786592442603
544,-121.79068106656092,49.18485242746301
545,-121.84896558976907,49.194288344826916
546,-121.79652979913155,49.19695296622509
547,-121.79181328383346,49.16283554523125
548,-121.82404198120882,49.20616451479875
549,-121.82404198120882,49.20616451479875
550,-121.82404198120882,49.20616451479875
551,-121.87279643536046,49.17917295389524
552,-121.80774966459751,49.19786592442603
553,-121.83105593993217,49.16680868416228
554,-121.82812178229159,49.188906887775474
555,-121.82812178229159,49.188906887775474
556,-121.82812178229159,49.188906887775474
557,-121.82812178229159,49.188906887775474
558,-121.83145200601795,49.15710432370357
559,-121.79652979913155,49.19695296622509
560,-121.82812178229159,49.188906887775474
561,-121.82404198120882,49.20616451479875
562,-121.80672404612076,49.164941096316156
563,-121.79181328383346,49.16283554523125
564,-121.82229723019677,49.17327311542421
565,-121.83949766281452,49.200748928045535
566,-121.79181328383346,49.16283554523125
567,-121.82812178229159,49.188906887775474
568,-121.87106767967258,49.159594745227814
569,-121.86775409614292,49.18978559124203
570,-121.87279643536046,49.17917295389524
571,-121.84896558976907,49.194288344826916
572,-121.82812178229159,49.188906887775474
573,-121.84896558976907,49.194288344826916
574,-121.82404198120882,49.20616451479875
575,-121.83105593993217,49.16680868416228
576,-121.85333679668688,49.17466531415421
577,-121.80774966459751,49.19786592442603
578,-121.87279643536046,49.17917295389524
579,-121.80672404612076,49.164941096316156
580,-121.85333679668688,49.17466531415421
581,-121.84050115524306,49.174487988595544
582,-121.80672404612076,49.164941096316156
583,-121.83949766281452,49.200748928045535
584,-121.84050115524306,49.174487988595544
585,-121.86775409614292,49.18978559124203
586,-121.84896558976907,49.194288344826916
587,-121.87279643536046,49.17917295389524
588,-121.82812178229159,49.188906887775474
589,-121.86775409614292,49.18978559124203
590,-121.79068106656092,49.18485242746301
591,-121.84896558976907,49.194288344826916
592,-121.80774966459751,49.19786592442603
593,-121.84398541697078,49.18272681108199
594,-121.84896558976907,49.194288344826916
595,-121.79068106656092,49.18485242746301
596,-121.87279643536046,49.17917295389524
597,-121.82404198120882,49.20616451479875
598,-121.82812178229159,49.188906887775474
599,-121.84398541697078,49.18272681108199
600,-121.79068106656092,49.18485242746301
601,-121.80774966459751,49.19786592442603
602,-121.86775409614292,49.18978559124203
603,-121.84050115524306,49.174487988595544
604,-121.83949766281452,49.200748928045535
605,-121.82404198120882,49.20616451479875
606,-121.82404198120882,49.20616451479875
607,-121.80774966459751,49.19786592442603
608,-121.86775409614292,49.18978559124203
609,-121.80774966459751,49.19786592442603
610,-121.84050115524306,49.174487988595544
611,-121.79068106656092,49.18485242746301
612,-121.82812178229159,49.188906887775474
613,-121.82812178229159,49.188906887775474
614,-121.80672404612076,49.164941096316156
615,-121.79652979913155,49.19695296622509
616,-121.82812178229159,49.188906887775474
617,-121.82812178229159,49.188906887775474
618,-121.84896558976907,49.194288344826916
619,-121.79181328383346,49.16283554523125
620,-121.84896558976907,49.194288344826916
621,-121.88487476388094,49.199039445976595
622,-121.84050115524306,49.174487988595544
623,-121.87279643536046,49.17917295389524
624,-121.84398541697078,49.18272681108199
625,-121.84398541697078,49.18272681108199
626,-121.86775409614292,49.18978559124203
627,-121.82812178229159,49.188906887775474
628,-121.82404198120882,49.20616451479875
629,-121.84398541697078,49.18272681108199
630,-121.85333679668688,49.17466531415421
631,-121.80774966459751,49.19786592442603
632,-121.84050115524306,49.174487988595544
633,-121.80774966459751,49.19786592442603
634,-121.80774966459751,49.19786592442603
635,-121.82404198120882,49.20616451479875
636,-121.80774966459751,49.19786592442603
637,-121.80774966459751,49.19786592442603
638,-121.79652979913155,49.19695296622509
639,-121.86775409614292,49.18978559124203
640,-121.84896558976907,49.194288344826916
641,-121.79068106656092,49.18485242746301
642,-121.85333679668688,49.17466531415421
643,-121.82229723019677,49.17327311542421
644,-121.80774966459751,49.19786592442603
645,-121.86775409614292,49.18978559124203
646,-121.84896558976907,49.194288344826916
647,-121.88487476388094,49.199039445976595
648,-121.88487476388094,49.199039445976595
649,-121.82229723019677,49.17327311542421
650,-121.82229723019677,49.17327311542421
651,-121.82229723019677,49.17327311542421
652,-121.85333679668688,49.17466531415421
653,-121.82229723019677,49.17327311542421
654,-121.82812178229159,49.188906887775474
655,-121.82229723019677,49.17327311542421
656,-121.86775409614292,49.18978559124203
657,-121.88834368113596,49.209518712804055
658,-121.86775409614292,49.18978559124203
659,-121.82404198120882,49.20616451479875
660,-121.86775409614292,49.18978559124203
661,-121.88521456304014,49.18263379309658
662,-121.88834368113596,49.209518712804055
663,-121.84896558976907,49.194288344826916
664,-121.79652979913155,49.19695296622509
665,-121.88521456304014,49.18263379309658
666,-121.85333679668688,49.17466531415421
667,-121.83949766281452,49.200748928045535
668,-121.84398541697078,49.18272681108199
669,-121.86775409614292,49.18978559124203
670,-121.79068106656092,49.18485242746301
671,-121.79652979913155,49.19695296622509
672,-121.82812178229159,49.188906887775474
673,-121.82404198120882,49.20616451479875
674,-121.80672404612076,49.164941096316156
675,-121.86775409614292,49.18978559124203
676,-121.88834368113596,49.209518712804055
677,-121.88487476388094,49.199039445976595
678,-121.86775409614292,49.18978559124203
679,-121.79652979913155,49.19695296622509
680,-121.82404198120882,49.20616451479875
681,-121.83949766281452,49.200748928045535
682,-121.87279643536046,49.17917295389524
683,-121.82812178229159,49.188906887775474
684,-121.96494089202754,49.16536336179242
685,-121.84050115524306,49.174487988595544
686,-121.85333679668688,49.17466531415421
687,-121.94006754936103,49.183395844835786
688,-121.80672404612076,49.164941096316156
689,-121.82229723019677,49.17327311542421
690,-121.91993131042129,49.161704027777205
691,-121.89002091085905,49.156115462010625
692,-121.88521456304014,49.18263379309658
693,-121.88521456304014,49.18263379309658
694,-121.89002091085905,49.156115462010625
695,-121.88521456304014,49.18263379309658
696,-121.86775409614292,49.18978559124203
697,-121.84398541697078,49.18272681108199
698,-121.79068106656092,49.18485242746301
699,-121.82812178229159,49.188906887775474
700,-122.02788882684736,49.10364015997879
701,-122.06105107281418,49.11591211432145
702,-121.90235684169501,49.098406987631044
703,-121.92479061139952,49.11999772390342
704,-121.92479061139952,49.11999772390342
705,-121.91876644601979,49.2014591981627
706,-121.90309605731646,49.19753723939428
707,-122.0045743698428,49.140411377754084
708,-121.94865637218373,49.19602278148997
709,-121.91876644601979,49.2014591981627
710,-121.8996965943131,49.21061894283379
711,-122.0045743698428,49.140411377754084
712,-122.01259697312776,49.11669875697971
713,-122.04554463189565,49.130654370670854
714,-122.06436825344936,49.063731699118065
715,-122.06436825344936,49.063731699118065
716,-121.93968962295803,49.199218860665866
717,-121.94006754936103,49.183395844835786
718,-121.91876644601979,49.2014591981627
719,-122.03511979951182,49.15737422227293
720,-122.06105107281418,49.11591211432145
721,-121.90270242451872,49.182016263815676
722,-121.94080665361831,49.146047596432226
723,-122.05585825178228,49.08470857786123
724,-121.93904210673458,49.12717673022286
725,-121.91993131042129,49.161704027777205
726,-121.94006754936103,49.183395844835786
727,-121.93904210673458,49.12717673022286
728,-122.01900874074134,49.10032104435714
729,-121.90309605731646,49.19753723939428
730,-122.02788882684736,49.10364015997879
731,-121.91876644601979,49.2014591981627
732,-121.93968962295803,49.199218860665866
733,-121.9632947549948,49.19158104759962
734,-121.99255448065531,49.11977379162716
735,-121.8996965943131,49.21061894283379
736,-121.94865637218373,49.19602278148997
737,-122.04696936053213,49.10212312333188
738,-121.90309605731646,49.19753723939428
739,-121.91876644601979,49.2014591981627
740,-121.97552666968667,49.14527543200112
741,-122.07159952794687,49.11731609472796
742,-121.97180217708117,49.09721990775146
743,-122.04554463189565,49.130654370670854
744,-122.0045743698428,49.140411377754084
745,-122.07159952794687,49.11731609472796
746,-121.93843044040932,49.101863832851876
747,-121.84007221466713,49.10129772605597
748,-121.93843044040932,49.101863832851876
749,-121.86730620673431,49.09307352302181
750,-121.86730620673431,49.09307352302181
751,-121.85663966344801,49.08973626264288
752,-121.92479061139952,49.11999772390342
753,-121.92479061139952,49.11999772390342
754,-121.93843044040932,49.101863832851876
755,-121.84007221466713,49.10129772605597
756,-121.8952399194827,49.108136127795035
757,-121.85663966344801,49.08973626264288
758,-121.8952399194827,49.108136127795035
759,-121.84007221466713,49.10129772605597
760,-121.91976879543598,49.09865638665711
761,-121.84007221466713,49.10129772605597
762,-121.87048458688628,49.10456142319759
763,-121.8952399194827,49.108136127795035
764,-121.84007221466713,49.10129772605597
765,-121.88077448532243,49.121183247607775
766,-121.87048458688628,49.10456142319759
767,-121.88077448532243,49.121183247607775
768,-121.87048458688628,49.10456142319759
769,-121.87048458688628,49.10456142319759
770,-121.8952399194827,49.108136127795035
771,-121.8952399194827,49.108136127795035
772,-121.87048458688628,49.10456142319759
773,-121.88077448532243,49.121183247607775
774,-121.8952399194827,49.108136127795035
775,-121.8952399194827,49.108136127795035
776,-121.8952399194827,49.108136127795035
777,-121.8952399194827,49.108136127795035
778,-121.93843044040932,49.101863832851876
779,-121.8952399194827,49.108136127795035
780,-121.8952399194827,49.108136127795035
781,-121.8952399194827,49.108136127795035
782,-121.93843044040932,49.101863832851876
783,-121.87048458688628,49.10456142319759
784,-121.91976879543598,49.09865638665711
785,-121.93843044040932,49.101863832851876
786,-121.93843044040932,49.101863832851876
787,-121.91976879543598,49.09865638665711
788,-121.93843044040932,49.101863832851876
789,-121.90235684169501,49.098406987631044
790,-121.87048458688628,49.10456142319759
791,-121.88077448532243,49.121183247607775
792,-121.91976879543598,49.09865638665711
793,-121.93843044040932,49.101863832851876
794,-121.93843044040932,49.101863832851876
795,-121.91976879543598,49.09865638665711
796,-121.91976879543598,49.09865638665711
797,-121.93843044040932,49.101863832851876
798,-121.8952399194827,49.108136127795035
799,-121.8952399194827,49.108136127795035
800,-121.93843044040932,49.101863832851876
801,-121.86730620673431,49.09307352302181
802,-121.8952399194827,49.108136127795035
803,-121.88077448532243,49.121183247607775
804,-121.88077448532243,49.121183247607775
805,-121.88077448532243,49.121183247607775
806,-121.88120600609756,49.10787277155252
807,-121.85651322479055,49.14924475086882
808,-121.88120600609756,49.10787277155252
809,-121.84007221466713,49.10129772605597
810,-121.84007221466713,49.10129772605597
811,-121.88716760006456,49.09189154171944
812,-121.93843044040932,49.101863832851876
813,-121.93843044040932,49.101863832851876
814,-121.93843044040932,49.101863832851876
815,-121.93843044040932,49.101863832851876
816,-121.90235684169501,49.098406987631044
817,-121.93904210673458,49.12717673022286
818,-121.91976879543598,49.09865638665711
819,-121.93843044040932,49.101863832851876
820,-121.87053646766034,49.135432985027414
821,-121.88716760006456,49.09189154171944
822,-121.91976879543598,49.09865638665711
823,-121.88120600609756,49.10787277155252
824,-121.88077448532243,49.121183247607775
825,-121.93843044040932,49.101863832851876
826,-121.84007221466713,49.10129772605597
827,-121.93843044040932,49.101863832851876
828,-121.93843044040932,49.101863832851876
829,-121.94080665361831,49.146047596432226
830,-121.90235684169501,49.098406987631044
831,-121.90235684169501,49.098406987631044
832,-121.90235684169501,49.098406987631044
833,-121.90235684169501,49.098406987631044
834,-121.90235684169501,49.098406987631044
835,-121.88716760006456,49.09189154171944
836,-121.8952399194827,49.108136127795035
837,-121.90235684169501,49.098406987631044
838,-121.93843044040932,49.101863832851876
839,-121.91976879543598,49.09865638665711
840,-121.88077448532243,49.121183247607775
841,-121.88077448532243,49.121183247607775
842,-121.88077448532243,49.121183247607775
843,-121.88716760006456,49.09189154171944
844,-121.92479061139952,49.11999772390342
845,-121.88120600609756,49.10787277155252
846,-121.88120600609756,49.10787277155252
847,-121.90235684169501,49.098406987631044
848,-121.8952399194827,49.108136127795035
849,-121.827407562285,49.130295189487654
850,-121.90235684169501,49.098406987631044
851,-121.87137617128568,49.146388192111665
852,-121.8952399194827,49.108136127795035
853,-121.94080665361831,49.146047596432226
854,-121.8952399194827,49.108136127795035
855,-121.90235684169501,49.098406987631044
856,-121.8952399194827,49.108136127795035
857,-121.88077448532243,49.121183247607775
858,-121.87053646766034,49.135432985027414
859,-121.92479061139952,49.11999772390342
860,-121.93904210673458,49.12717673022286
861,-121.93904210673458,49.12717673022286
862,-121.84013692330241,49.143989696053815
863,-121.9033202535242,49.14583140164333
864,-121.8952399194827,49.108136127795035
865,-121.8952399194827,49.108136127795035
866,-121.93843044040932,49.101863832851876
867,-121.91976879543598,49.09865638665711
868,-121.8952399194827,49.108136127795035
869,-121.88120600609756,49.10787277155252
870,-121.92479061139952,49.11999772390342
871,-121.90235684169501,49.098406987631044
872,-121.90235684169501,49.098406987631044
873,-121.90235684169501,49.098406987631044
874,-121.88077448532243,49.121183247607775
875,-121.93843044040932,49.101863832851876
876,-121.93445253096091,49.1530275332354
877,-121.90235684169501,49.098406987631044
878,-121.89002091085905,49.156115462010625
879,-121.9033202535242,49.14583140164333
880,-121.88077448532243,49.121183247607775
881,-121.87048458688628,49.10456142319759
882,-121.8952399194827,49.108136127795035
883,-121.90235684169501,49.098406987631044
884,-121.94080665361831,49.146047596432226
885,-121.84007221466713,49.10129772605597
886,-121.93904210673458,49.12717673022286
887,-121.88716760006456,49.09189154171944
888,-121.93904210673458,49.12717673022286
889,-121.87048458688628,49.10456142319759
890,-121.87053646766034,49.135432985027414
891,-121.86730620673431,49.09307352302181
892,-121.93904210673458,49.12717673022286
893,-121.87053646766034,49.135432985027414
894,-121.87053646766034,49.135432985027414
895,-121.827407562285,49.130295189487654
896,-121.87137617128568,49.146388192111665
897,-121.84013692330241,49.143989696053815
898,-121.87137617128568,49.146388192111665
899,-121.85651322479055,49.14924475086882
900,-121.84013692330241,49.143989696053815
901,-121.87106767967258,49.159594745227814
902,-121.84013692330241,49.143989696053815
903,-121.81254363976241,49.14529496730127
904,-121.85753859607445,49.156639776651254
905,-121.84013692330241,49.143989696053815
906,-121.81254363976241,49.14529496730127
907,-121.87106767967258,49.159594745227814
908,-121.81254363976241,49.14529496730127
909,-121.84013692330241,49.143989696053815
910,-121.81254363976241,49.14529496730127
911,-121.83145200601795,49.15710432370357
912,-121.80672404612076,49.164941096316156
913,-121.84013692330241,49.143989696053815
914,-121.83145200601795,49.15710432370357
915,-121.88077448532243,49.121183247607775
916,-121.80672404612076,49.164941096316156
917,-121.88077448532243,49.121183247607775
918,-121.84013692330241,49.143989696053815
919,-121.79181328383346,49.16283554523125
920,-121.88716760006456,49.09189154171944
921,-121.85651322479055,49.14924475086882
922,-121.81254363976241,49.14529496730127
923,-121.827407562285,49.130295189487654
924,-121.827407562285,49.130295189487654
925,-121.827407562285,49.130295189487654
926,-121.88077448532243,49.121183247607775
927,-121.87053646766034,49.135432985027414
928,-121.81254363976241,49.14529496730127
929,-121.85663966344801,49.08973626264288
930,-121.827407562285,49.130295189487654
931,-121.827407562285,49.130295189487654
932,-121.81254363976241,49.14529496730127
933,-121.85651322479055,49.14924475086882
934,-121.94006754936103,49.183395844835786
935,-121.96494089202754,49.16536336179242
936,-121.96494089202754,49.16536336179242
937,-121.91876644601979,49.2014591981627
938,-121.94798940266995,49.16703625420108
939,-121.94865637218373,49.19602278148997
940,-121.96494089202754,49.16536336179242
941,-121.94006754936103,49.183395844835786
942,-121.94006754936103,49.183395844835786
943,-121.89002091085905,49.156115462010625
944,-121.88077448532243,49.121183247607775
945,-121.89284570202601,49.19405538159894
946,-121.93968962295803,49.199218860665866
947,-121.91876644601979,49.2014591981627
948,-121.89002091085905,49.156115462010625
949,-121.90270242451872,49.182016263815676
950,-121.94798940266995,49.16703625420108
951,-121.91876644601979,49.2014591981627
952,-121.94798940266995,49.16703625420108
953,-121.90309605731646,49.19753723939428
954,-121.89002091085905,49.156115462010625
955,-121.94080665361831,49.146047596432226
956,-121.9033202535242,49.14583140164333
957,-121.90270242451872,49.182016263815676
958,-121.94798940266995,49.16703625420108
959,-121.91876644601979,49.2014591981627
960,-121.90270242451872,49.182016263815676
961,-121.91876644601979,49.2014591981627
962,-121.93968962295803,49.199218860665866
963,-121.94080665361831,49.146047596432226
964,-121.9033202535242,49.14583140164333
965,-121.90309605731646,49.19753723939428
966,-121.90270242451872,49.182016263815676
967,-121.94006754936103,49.183395844835786
968,-121.9632947549948,49.19158104759962
969,-121.94865637218373,49.19602278148997
970,-121.93968962295803,49.199218860665866
971,-121.8996965943131,49.21061894283379
972,-121.9033202535242,49.14583140164333
973,-121.88487476388094,49.199039445976595
974,-121.90270242451872,49.182016263815676
975,-121.91876644601979,49.2014591981627
976,-121.90309605731646,49.19753723939428
977,-121.89284570202601,49.19405538159894
978,-121.98824418663968,49.10486586844265
979,-121.88834368113596,49.209518712804055
980,-121.91876644601979,49.2014591981627
981,-121.91876644601979,49.2014591981627
982,-121.91876644601979,49.2014591981627
983,-121.91876644601979,49.2014591981627
984,-121.89284570202601,49.19405538159894
985,-121.93904210673458,49.12717673022286
986,-121.8996965943131,49.21061894283379
987,-121.93968962295803,49.199218860665866
988,-121.97180217708117,49.09721990775146
989,-121.9560534802606,49.169953415925264
990,-121.94865637218373,49.19602278148997
991,-121.90309605731646,49.19753723939428
992,-121.8996965943131,49.21061894283379
993,-121.91876644601979,49.2014591981627
994,-121.91876644601979,49.2014591981627
995,-121.91876644601979,49.2014591981627
996,-121.90235684169501,49.098406987631044
997,-121.88521456304014,49.18263379309658
998,-121.8952399194827,49.108136127795035
999,-121.91876644601979,49.2014591981627
1000,-121.91876644601979,49.2014591981627
1001,-121.90235684169501,49.098406987631044
1002,-121.90235684169501,49.098406987631044
1003,-121.91876644601979,49.2014591981627
1004,-121.8952399194827,49.108136127795035
1005,-121.90235684169501,49.098406987631044
1006,-121.94798940266995,49.16703625420108
1007,-121.91876644601979,49.2014591981627
1008,-121.93445253096091,49.1530275332354
1009,-121.88716760006456,49.09189154171944
1010,-121.9632947549948,49.19158104759962
1011,-121.8952399194827,49.108136127795035
1012,-121.90309605731646,49.19753723939428
1013,-121.90309605731646,49.19753723939428
1014,-121.88077448532243,49.121183247607775
1015,-121.94798940266995,49.16703625420108
1016,-121.90270242451872,49.182016263815676
1017,-121.90235684169501,49.098406987631044
1018,-121.90270242451872,49.182016263815676
1019,-121.96494089202754,49.16536336179242
1020,-121.91876644601979,49.2014591981627
1021,-121.9632947549948,49.19158104759962
1022,-121.91876644601979,49.2014591981627
1023,-121.91876644601979,49.2014591981627
1024,-121.8996965943131,49.21061894283379
1025,-121.88077448532243,49.121183247607775
1026,-121.94865637218373,49.19602278148997
1027,-121.90309605731646,49.19753723939428
1028,-121.94865637218373,49.19602278148997
1029,-121.91876644601979,49.2014591981627
1030,-121.9569346380605,49.12424894234747
1031,-121.94865637218373,49.19602278148997
1032,-121.88487476388094,49.199039445976595
1033,-121.90235684169501,49.098406987631044
1034,-121.90235684169501,49.098406987631044
1035,-121.90235684169501,49.098406987631044
1036,-121.90235684169501,49.098406987631044
1037,-121.91876644601979,49.2014591981627
1038,-121.90235684169501,49.098406987631044
1039,-121.91993131042129,49.161704027777205
1040,-121.94865637218373,49.19602278148997
1041,-121.88521456304014,49.18263379309658
1042,-121.93968962295803,49.199218860665866
1043,-121.97586276278999,49.190819469174336
1044,-121.86775409614292,49.18978559124203
1045,-121.90309605731646,49.19753723939428
1046,-121.94080665361831,49.146047596432226
1047,-121.8996965943131,49.21061894283379
1048,-121.94865637218373,49.19602278148997
1049,-121.8996965943131,49.21061894283379
1050,-121.89284570202601,49.19405538159894
1051,-121.93445253096091,49.1530275332354
1052,-121.88834368113596,49.209518712804055
1053,-121.88487476388094,49.199039445976595
1054,-121.9033202535242,49.14583140164333
1055,-121.88834368113596,49.209518712804055
1056,-121.86775409614292,49.18978559124203
1057,-121.90309605731646,49.19753723939428
1058,-121.82404198120882,49.20616451479875
1059,-122.02788882684736,49.10364015997879
1060,-122.06436825344936,49.063731699118065
1061,-121.84013692330241,49.143989696053815
1062,-121.88487476388094,49.199039445976595
1063,-121.8996965943131,49.21061894283379
1064,-122.0627174833831,49.13026394655687
1065,-121.85333679668688,49.17466531415421
1066,-121.84896558976907,49.194288344826916
1067,-121.86775409614292,49.18978559124203
1068,-122.02788882684736,49.10364015997879
1069,-121.96016777572667,49.10631012111698
1070,-121.83949766281452,49.200748928045535
1071,-121.91876644601979,49.2014591981627
1072,-121.88077448532243,49.121183247607775
1073,-121.97586276278999,49.190819469174336
1074,-121.85651322479055,49.14924475086882
1075,-121.88521456304014,49.18263379309658
1076,-122.0627174833831,49.13026394655687
1077,-121.79652979913155,49.19695296622509
1078,-121.79652979913155,49.19695296622509
1079,-121.79068106656092,49.18485242746301
1080,-121.79652979913155,49.19695296622509
1081,-121.86775409614292,49.18978559124203
1082,-121.81254363976241,49.14529496730127
1083,-121.87279643536046,49.17917295389524
1084,-121.80774966459751,49.19786592442603
1085,-121.84007221466713,49.10129772605597
1086,-121.79068106656092,49.18485242746301
1087,-121.87279643536046,49.17917295389524
1088,-121.82812178229159,49.188906887775474
1089,-121.84896558976907,49.194288344826916
1090,-121.86775409614292,49.18978559124203
1091,-121.81254363976241,49.14529496730127
1092,-121.83145200601795,49.15710432370357
1093,-121.83105593993217,49.16680868416228
1094,-121.84050115524306,49.174487988595544
1095,-121.84398541697078,49.18272681108199
1096,-121.84896558976907,49.194288344826916
1097,-121.84398541697078,49.18272681108199
1098,-121.84013692330241,49.143989696053815
1099,-121.80774966459751,49.19786592442603
1100,-121.80774966459751,49.19786592442603
1101,-121.84398541697078,49.18272681108199
1102,-121.84896558976907,49.194288344826916
1103,-121.87279643536046,49.17917295389524
1104,-121.79068106656092,49.18485242746301
1105,-121.80774966459751,49.19786592442603
1106,-121.79068106656092,49.18485242746301
1107,-121.79068106656092,49.18485242746301
1108,-121.91993131042129,49.161704027777205
1109,-121.87053646766034,49.135432985027414
1110,-121.85333679668688,49.17466531415421
1111,-121.86775409614292,49.18978559124203
1112,-121.84398541697078,49.18272681108199
1113,-121.90270242451872,49.182016263815676
1114,-121.91876644601979,49.2014591981627
1115,-121.80774966459751,49.19786592442603
1116,-121.81254363976241,49.14529496730127
1117,-121.79652979913155,49.19695296622509
1118,-121.84896558976907,49.194288344826916
1119,-121.82404198120882,49.20616451479875
1120,-121.87137617128568,49.146388192111665
1121,-121.79652979913155,49.19695296622509
1122,-121.84398541697078,49.18272681108199
1123,-121.83949766281452,49.200748928045535
1124,-121.83145200601795,49.15710432370357
1125,-121.88834368113596,49.209518712804055
1126,-122.01975638027352,49.16180151434089
1127,-121.99761482264722,49.150347948157524
1128,-121.99761482264722,49.150347948157524
1129,-122.01975638027352,49.16180151434089
1130,-122.03511979951182,49.15737422227293
1131,-122.01975638027352,49.16180151434089
1132,-122.03511979951182,49.15737422227293
1133,-122.01975638027352,49.16180151434089
1134,-122.03511979951182,49.15737422227293
1135,-122.01975638027352,49.16180151434089
1136,-122.01975638027352,49.16180151434089
1137,-122.01975638027352,49.16180151434089
1138,-121.99761482264722,49.150347948157524
1139,-122.03511979951182,49.15737422227293
1140,-122.03511979951182,49.15737422227293
1141,-122.03511979951182,49.15737422227293
1142,-122.03511979951182,49.15737422227293
1143,-122.03511979951182,49.15737422227293
1144,-122.01975638027352,49.16180151434089
1145,-122.01975638027352,49.16180151434089
1146,-122.01975638027352,49.16180151434089
1147,-122.04554463189565,49.130654370670854
1148,-122.04554463189565,49.130654370670854
1149,-122.02689998537012,49.133565875984
1150,-122.07159952794687,49.11731609472796
1151,-122.04554463189565,49.130654370670854
1152,-122.04554463189565,49.130654370670854
1153,-122.06653273568737,49.10713978663777
1154,-121.99255448065531,49.11977379162716
1155,-122.06436825344936,49.063731699118065
1156,-122.06653273568737,49.10713978663777
1157,-122.06653273568737,49.10713978663777
1158,-122.03511979951182,49.15737422227293
1159,-122.03428238089364,49.086402696682086
1160,-122.02689998537012,49.133565875984
1161,-122.06436825344936,49.063731699118065
1162,-121.99761482264722,49.150347948157524
1163,-122.01975638027352,49.16180151434089
1164,-122.03511979951182,49.15737422227293
1165,-122.0627174833831,49.13026394655687
1166,-122.00876100140461,49.093411349080576
1167,-122.03453233438772,49.11737896706711
1168,-121.98824418663968,49.10486586844265
1169,-122.03511979951182,49.15737422227293
1170,-122.01975638027352,49.16180151434089
1171,-121.99761482264722,49.150347948157524
1172,-122.04696936053213,49.10212312333188
1173,-122.02689998537012,49.133565875984
1174,-122.0844970061721,49.126540527959584
1175,-122.0627174833831,49.13026394655687
1176,-122.03428238089364,49.086402696682086
1177,-122.0844970061721,49.126540527959584
1178,-122.0844970061721,49.126540527959584
1179,-122.06105107281418,49.11591211432145
1180,-122.01975638027352,49.16180151434089
1181,-121.98824418663968,49.10486586844265
1182,-122.03428238089364,49.086402696682086
1183,-122.01975638027352,49.16180151434089
1184,-121.99255448065531,49.11977379162716
1185,-122.04461714333287,49.11655687804467
1186,-122.04461714333287,49.11655687804467
1187,-122.04554463189565,49.130654370670854
1188,-122.00876100140461,49.093411349080576
1189,-122.0844970061721,49.126540527959584
1190,-122.07159952794687,49.11731609472796
1191,-122.07159952794687,49.11731609472796
1192,-121.99255448065531,49.11977379162716
1193,-122.06653273568737,49.10713978663777
1194,-121.97586276278999,49.190819469174336
1195,-122.02689998537012,49.133565875984
1196,-122.0048819748701,49.10538555853741
1197,-122.04696936053213,49.10212312333188
1198,-122.0048819748701,49.10538555853741
1199,-122.02689998537012,49.133565875984
1200,-122.03453233438772,49.11737896706711
