latitude,longitude,bedrock_depth,land_district_code,utm_zone_code,coordinate_acquisition_code,aquifer_lithology_code,well_tag_number,latitude_orig,longitude_orig
49.15590912292727,-122.7008434321712,235.60905253071508,1332.0,110.0,12,0,204,49.156119,-122.701057
49.33611181592943,-117.65994789169618,88.69096334939746,702.0,132.0,6,0,13954,49.334649,-117.661973
48.810545421012506,-123.4402352833963,3.0,272.0,110.0,12,2,22186,48.810264,-123.43905
49.02120569577123,-122.04703899509633,134.8935618048451,1332.0,110.0,56,0,75364,49.010441,-122.053561
49.16679041825573,-123.85683678698882,8.0,1056.0,110.0,12,2,42128,49.174934,-123.868827
50.08628825614392,-120.76812130529429,70.0,650.0,110.0,6,0,34175,50.085743,-120.767555
48.48034422133439,-123.51832846201773,6.0,600.0,110.0,2,2,81691,48.481354,-123.514947
49.820740390549986,-125.03586173181878,175.80472640172866,240.0,110.0,6,0,7241,49.820805,-125.037145
49.52906446843164,-115.75044829054677,77.05150265744061,702.0,132.0,6,0,398,49.518625,-115.751782
50.268847398059265,-118.96596054754198,123.48431799283462,1722.0,132.0,6,0,24281,50.267346,-118.969696
49.07677115381444,-122.26122411170213,80.68228928396267,1332.0,110.0,2,0,34306,49.081084,-122.250597
49.083135316299675,-123.93760090441513,10.0,342.0,110.0,42,6,87319,49.09121,-123.944658
51.42424504169889,-120.20686860507544,61.333334553598796,650.0,110.0,12,0,57740,51.424039,-120.204955
48.51733425313731,-123.48681109139964,0.7617537651217721,600.0,110.0,12,2,29935,48.516671,-123.480219
48.89321648883271,-123.34173209172393,4.0,272.0,110.0,12,2,56508,48.903424,-123.350118
48.80456993922947,-123.28095432455262,15.0,272.0,110.0,2,2,60730,48.812327,-123.286664
50.851185645956534,-119.44033161263356,79.55545579114879,650.0,132.0,6,0,57889,50.853172,-119.447259
49.062512148325276,-122.57651853948667,195.91471977605414,1332.0,110.0,12,0,5741,49.067779,-122.581138
54.51902300645401,-126.44395714895023,64.74566899246334,210.0,90.0,20,0,44366,54.516978,-126.442346
49.069876962732515,-122.51412583818082,220.12127317776088,1332.0,110.0,12,0,5650,49.065598,-122.517744
48.67963682388526,-123.54820226315846,112.96742128274815,2862.0,110.0,0,0,52811,48.67902,-123.5463
49.74166280727826,-119.17260944552065,25.671957075309994,2970.0,132.0,42,6,70071,49.755871,-119.176922
48.534809387068826,-123.50354015756984,3.0,600.0,110.0,20,2,69704,48.530203,-123.505135
52.144131206511574,-122.11174332598092,250.0,30.0,110.0,12,0,50425,52.142258,-122.115108
51.06397470090085,-120.21522810456052,104.36631891648632,650.0,110.0,2,0,61724,51.063006,-120.216034
48.485111418643015,-123.47926166394377,5.541701377799511,600.0,110.0,2,0,21562,48.483617,-123.480408
49.00217550767658,-123.62807844574948,4.845071400104817,272.0,110.0,56,6,64659,49.002675,-123.627741
51.56939171192136,-121.15897846263142,6.0,756.0,110.0,30,6,82691,51.572362,-121.172687
49.24724252947325,-124.11971532219495,124.83297489658867,1122.0,110.0,2,0,44752,49.248041,-124.123225
49.46416510280101,-124.77474872966228,28.7949236459291,1260.0,110.0,6,0,12816,49.465692,-124.781444
50.63504823059379,-120.23672786534343,50.816814723334225,650.0,110.0,6,0,36863,50.674326,-120.248832
50.65315597702236,-119.19386860731791,57.34751468917723,650.0,132.0,56,6,76264,50.652203,-119.190423
49.13391660552032,-123.75583879503301,69.0,1056.0,110.0,12,2,38610,49.134287,-123.751672
49.299302247825494,-124.33899631205058,39.0,1122.0,110.0,12,2,42770,49.298196,-124.338085
49.050327356019935,-122.47538174663171,439.8751746660594,1332.0,110.0,42,6,101178,49.045431,-122.464994
49.52229651778018,-124.79492085161748,8.0,1056.0,110.0,12,2,43450,49.520987,-124.794327
50.61219378093286,-118.73782454975624,101.38710477824904,650.0,132.0,72,0,85581,50.610859,-118.73921
50.5970618316526,-126.93783596178342,37.637858698321594,2450.0,90.0,6,0,20046,50.594945,-126.93917
48.848231770747525,-123.45219147947991,13.282964193374584,272.0,110.0,0,2,108172,48.85415,-123.454361
53.07079331482976,-122.38383570073557,130.0,30.0,110.0,20,2,54266,53.071426,-122.381351
49.03648803487602,-122.38006812640671,285.4708190473105,1332.0,110.0,56,6,67472,49.032067,-122.3794
50.730196536293825,-120.03627638541676,8.0,650.0,110.0,6,2,54091,50.728485,-120.043918
49.033689778128476,-122.29482006884344,74.0892884860622,1332.0,110.0,12,0,10660,49.039878,-122.295275
48.630677163353795,-123.4175778543132,56.0,1640.0,110.0,12,2,45756,48.631906,-123.422612
55.81091964579809,-121.50819861410858,110.51349793823198,1980.0,110.0,30,0,57177,55.801687,-121.486347
49.08483569918136,-122.66837169814687,144.11174136335114,1332.0,110.0,12,0,8905,49.087142,-122.668218
48.67963682388526,-123.54820226315846,293.0,2862.0,110.0,0,0,108227,48.6854,-123.5468
51.61197630150336,-121.23299929872985,77.0,756.0,110.0,2,2,42119,51.615587,-121.240199
52.803665184979636,-119.22677880362299,90.56949239886514,30.0,132.0,42,6,88801,52.80744,-119.231055
50.18131522985729,-122.87495516864465,10.0,1332.0,110.0,0,2,85498,50.171329,-122.881646
49.25574104405839,-124.18878597467638,10.0,1122.0,110.0,2,2,880,49.253718,-124.191378
48.963991616705435,-123.7870143856251,8.0,1892.0,110.0,12,2,74975,48.963298,-123.785358
52.110886343673236,-122.16075399384302,115.50419261928265,30.0,110.0,12,0,61331,52.113216,-122.157844
49.03162982565863,-122.62665484029867,195.74274048576774,1332.0,110.0,12,0,30708,49.035298,-122.623495
49.78585631847424,-115.72993367489924,81.50143079443973,702.0,132.0,6,0,51999,49.786809,-115.729441
49.44044131243171,-117.53782116571821,206.0,702.0,132.0,42,6,90304,49.451573,-117.52992
50.621796048578766,-119.1674177955448,31.0,650.0,132.0,12,0,63198,50.622539,-119.164952
51.186886052289864,-120.12636447661264,224.11242495599888,650.0,110.0,2,0,27951,51.192641,-120.128851
49.09846609086928,-122.55818569672114,111.74133176200898,1332.0,110.0,12,0,29929,49.09089,-122.552755
53.96872632964703,-122.56851003421298,155.51024326686635,30.0,110.0,20,0,48918,53.967439,-122.584134
49.95055830676758,-114.76095456786162,65.0,702.0,132.0,0,6,106743,49.915589,-114.775034
48.7864563666122,-123.95575035078771,190.0,306.0,110.0,42,6,64969,48.786577,-123.961703
52.545529142954216,-121.63388291530866,35.58995776000866,30.0,110.0,42,6,76040,52.54765,-121.637049
49.064398252147114,-116.47920097174334,60.0,702.0,132.0,6,2,46522,49.066952,-116.477659
49.056754697251975,-122.6723116184058,200.38340420021598,1332.0,110.0,12,0,24983,49.054076,-122.67186
53.05010347421551,-122.45814658830031,158.08680046415475,30.0,110.0,12,0,36822,53.048524,-122.455537
50.583141744353775,-127.00147355308204,108.0,2450.0,90.0,0,6,86153,50.581718,-126.993441
49.1075226709043,-122.72799395100768,239.0349338255752,1332.0,110.0,12,0,11083,49.104757,-122.727219
51.584306414904624,-121.18557539330693,30.0,756.0,110.0,0,6,114451,51.583583,-121.193889
49.18036320654021,-123.9975728427462,11.063998286838773,992.0,110.0,20,0,6567,49.181976,-123.996018
49.49157761153737,-124.7413681887477,6.0,1056.0,110.0,12,2,53639,49.492823,-124.740654
50.14038013755153,-115.7882697288514,55.0,702.0,132.0,6,0,644,50.138939,-115.789704
49.0574400886631,-122.38135204178903,413.26432375483137,1332.0,110.0,12,0,10743,49.060826,-122.387871
49.17256825263656,-122.65149110955798,164.74755034359313,1332.0,110.0,12,0,27348,49.170437,-122.651981
48.476802276049426,-123.43637705646499,19.0,3906.0,110.0,2,2,43029,48.478846,-123.428876
49.0574400886631,-122.38135204178903,357.5090745570914,1332.0,110.0,2,0,14754,49.053275,-122.382119
48.674131305492644,-123.59479655267181,57.12419019870995,2862.0,110.0,2,0,40691,48.664031,-123.593905
49.88365595369903,-119.45298846121885,128.88736280741082,1722.0,132.0,20,0,18070,49.877402,-119.453669
48.99793420908218,-123.58398018349422,1.0,272.0,110.0,12,2,35498,49.008333,-123.586831
49.18745687211495,-122.95610352964992,45.95689841118125,1332.0,110.0,2,0,21193,49.216094,-122.964559
52.91599854009382,-122.45729764819615,142.63038307828603,30.0,110.0,12,0,21962,52.919575,-122.458985
48.3621869141663,-123.65756326431587,21.0,3080.0,110.0,12,2,29006,48.363538,-123.663564
49.01742906255922,-123.8298044501026,7.368904968792863,1892.0,110.0,42,6,63683,49.0224,-123.840344
52.97135690104855,-122.44542819512897,221.63294873479018,30.0,110.0,12,0,43538,52.987818,-122.449701
52.468032141740906,-121.96140440246705,90.0,30.0,110.0,6,2,441,52.469263,-121.966781
50.041780695694165,-124.98471852753497,103.6763864021932,2652.0,110.0,0,6,109995,50.03563,-124.98979
50.027716440634975,-119.39932289342516,122.43783399838627,1722.0,132.0,12,0,33763,50.033682,-119.404231
49.54774972511848,-115.81897412812353,75.35589556540917,756.0,132.0,56,0,83676,49.553267,-115.821441
48.74126069444853,-123.4863937012323,3.0,272.0,110.0,0,2,115381,48.7359,-123.4908
51.673368653487806,-121.21919322389937,127.45982288150695,756.0,110.0,6,0,18485,51.670235,-121.218182
49.73269437673613,-125.06904741128801,32.480609757153076,240.0,110.0,6,0,12621,49.717622,-125.076012
49.06602250249149,-123.85680099203819,0.0,56.0,110.0,2,2,48969,49.065246,-123.854989
49.88746731599498,-119.41291857934206,159.49194504552906,1722.0,132.0,30,0,13955,49.889534,-119.412249
48.533703827874675,-123.4242252353298,70.0,3906.0,110.0,42,6,89539,48.5395,-123.433588
49.54721236642162,-124.67068522911536,8.0,1056.0,110.0,12,2,56014,49.547603,-124.671885
49.226601687515334,-119.8186294511676,14.676623741088896,2970.0,132.0,42,6,92404,49.230921,-119.812862
49.41699969086747,-115.424403144346,60.17996871357254,702.0,132.0,6,0,58020,49.438737,-115.433829
54.05353169028275,-124.70373177683317,82.0,210.0,110.0,20,2,11938,54.052826,-124.707073
49.61873795031801,-115.8957644744595,76.0,702.0,132.0,6,2,31073,49.616785,-115.893934
50.406914644667715,-115.87959893515688,187.02346824842178,702.0,132.0,0,0,94758,50.408409,-115.878651
49.46364523711271,-120.54271331863357,13.0,2970.0,110.0,2,2,51939,49.460822,-120.551088
53.83352447807248,-122.60232021464442,312.51628972648996,30.0,110.0,20,0,19410,53.814042,-122.606508
49.27159201415122,-124.17888201508072,144.3490348413211,1122.0,110.0,42,6,87096,49.270944,-124.184424
50.324233154420284,-119.15905518673904,155.0,1722.0,132.0,2,2,54133,50.325103,-119.160832
53.55532282422614,-122.65222009838845,105.97306431273253,30.0,110.0,42,6,90482,53.543542,-122.681609
49.28344343811588,-121.7803539824018,152.55460212018824,1332.0,110.0,20,6,78364,49.289241,-121.778433
48.71916673869546,-123.5723418505817,98.77372693160284,2862.0,110.0,2,0,44003,48.712768,-123.569941
52.9604223930883,-122.49416604126121,139.00359943953268,30.0,110.0,12,0,30451,52.959535,-122.489571
48.533703827874675,-123.4242252353298,2.0,3906.0,110.0,2,2,14139,48.536348,-123.42485
50.706779129836896,-122.2886171691853,102.36771721118104,756.0,110.0,2,0,47123,50.707108,-122.287581
48.52717004631833,-123.44429036939701,8.0,3906.0,110.0,2,2,37102,48.529927,-123.445669
49.83163679423806,-125.6230959704535,22.68095721853727,240.0,110.0,2,6,65655,49.82981,-125.626581
53.83752873094747,-122.9000714923741,380.0,30.0,110.0,20,2,49872,53.842281,-122.896363
49.494862600094216,-121.42137378089413,41.62574018836254,3540.0,110.0,20,0,1189,49.495516,-121.421908
49.096960340577944,-123.73730276638513,8.891285106774843,1056.0,110.0,42,6,69787,49.093007,-123.731927
50.46751173355944,-119.75343880389191,44.02980069353572,650.0,132.0,6,0,24707,50.467176,-119.751566
49.17325993532946,-122.28175419130804,72.50678656924845,1332.0,110.0,20,0,107914,49.173119,-122.274809
50.90936042524576,-119.45745910887071,44.65680501798851,650.0,132.0,6,0,59585,50.911628,-119.457879
59.431839027459574,-126.09392552556976,37.89720175895875,42.0,90.0,0,6,93903,59.428027,-126.107783
49.14874908129166,-122.58708188448657,338.7916262170546,1332.0,110.0,12,0,39433,49.150579,-122.595251
49.36856632483408,-120.131623999587,104.72821520622578,2970.0,110.0,6,0,16048,49.372856,-120.140698
56.0655539368658,-121.8617612501029,75.0,1980.0,110.0,30,2,56587,56.068159,-121.863347
50.812711348873464,-119.30682152814536,139.5628655961378,650.0,132.0,6,0,42260,50.813738,-119.307955
50.00853169585805,-125.25019090627224,105.54878692513665,2652.0,110.0,6,0,4408,50.009127,-125.248978
49.51920213157963,-115.7926992616235,71.0,702.0,132.0,6,2,39921,49.520575,-115.792286
48.57867358447239,-123.63764065433428,7.0,930.0,110.0,42,6,84036,48.575614,-123.636346
50.70908908417585,-116.11156679111852,78.0,702.0,132.0,72,6,86292,50.703616,-116.102289
49.62041331616931,-116.97231198129133,49.241964771509416,702.0,132.0,2,6,104227,49.61757,-116.978597
51.68853969628083,-121.30000637593443,67.6905629884982,756.0,110.0,42,0,98370,51.688847,-121.305488
49.301086559791976,-124.8559282289433,59.42602402819693,2.0,110.0,0,0,13062,49.2992,-124.86085
49.07072578906823,-119.56381446504568,0.0,2970.0,132.0,20,2,49071,49.070816,-119.56128
49.17795007991726,-122.4997681527951,8.0,1332.0,110.0,12,2,29869,49.186473,-122.507815
52.10902141053506,-122.09722360589872,205.46805283780432,30.0,110.0,12,0,27102,52.110458,-122.09154
52.104420067549604,-122.18300689968153,65.0,30.0,110.0,12,2,30005,52.100703,-122.189002
52.91560726832253,-122.4355956379716,241.91515073348177,30.0,110.0,12,0,44037,52.918362,-122.430221
49.04598453515903,-122.66942703142166,202.94679477850914,1332.0,110.0,12,0,28651,49.040591,-122.665558
49.361531789249526,-123.41715387925811,76.0,1332.0,110.0,6,2,41573,49.365408,-123.416234
50.03132401804712,-117.40819190014588,92.9829126656426,702.0,132.0,2,0,106736,50.031583,-117.408154
49.101155908167534,-122.54088014782866,158.1656759304697,1332.0,110.0,12,0,54491,49.103668,-122.53572
52.22949428656464,-121.8014353965477,86.0,30.0,110.0,6,0,45078,52.231218,-121.805199
49.0983868669405,-121.90292404804902,178.68501340391242,1332.0,110.0,56,6,92389,49.101179,-121.907617
48.72681291550288,-123.60581988508056,292.4825168217926,272.0,110.0,0,0,14053,48.73094,-123.60556
49.0493037480413,-122.27154825348877,18.2997700315105,1332.0,110.0,12,0,10681,49.048316,-122.260888
49.23864329360782,-124.07073515812885,128.8730491627815,3422.0,110.0,42,6,70327,49.245985,-124.063986
49.07830725486433,-121.82441783387684,88.44242725743634,1332.0,110.0,56,6,92391,49.080045,-121.814384
48.85714663284818,-123.47710786156522,27.728803109538127,272.0,110.0,12,0,12912,48.856516,-123.474232
49.26410360792645,-124.2440717174525,103.56983763960757,1122.0,110.0,12,0,75442,49.266589,-124.250273
49.091630122940245,-122.62210323383049,186.56299533423334,1332.0,110.0,12,0,32200,49.092767,-122.622212
50.92093803036068,-119.51260039988296,50.0,650.0,132.0,0,6,105943,50.917201,-119.517108
50.91361474064702,-119.43768474894125,42.09404543631639,650.0,132.0,6,0,61710,50.913354,-119.444227
51.5274892387329,-120.87971464468077,20.0,756.0,110.0,2,2,59113,51.532422,-120.880159
58.438117605913845,-129.995123508951,121.0435404766591,42.0,90.0,42,6,100738,58.436904,-129.992032
49.283603488756846,-124.18053861881148,1.0,1122.0,110.0,0,6,109182,49.285635,-124.186041
49.49471453224142,-119.03956295839842,5.0,2970.0,132.0,6,2,61364,49.495049,-119.039827
48.77866252662545,-123.75347345583444,34.0,2070.0,110.0,12,0,68762,48.788807,-123.768948
50.587062203051005,-119.15984276901884,22.841153511787194,650.0,132.0,6,0,16493,50.581659,-119.152383
53.674529008456204,-122.68144647987198,122.62928532017278,30.0,110.0,20,0,31635,53.662015,-122.683229
51.243949020688106,-119.95853592250644,121.62979552016533,650.0,132.0,42,6,76496,51.239387,-119.961611
49.22360127382238,-115.20775924696805,96.3728214171831,702.0,132.0,6,0,6051,49.224208,-115.204442
49.06527782576925,-118.47443991593023,91.56700661400782,2970.0,132.0,6,0,62906,49.071209,-118.468994
54.512379771091865,-128.543577238174,69.9058009659257,210.0,90.0,20,0,33348,54.514025,-128.545113
49.71390855764865,-124.99157051655773,115.86721453305518,240.0,110.0,6,0,12500,49.717194,-124.994916
48.767616309144415,-123.69859051594024,52.63782756109843,2070.0,110.0,6,0,19980,48.769488,-123.700552
49.03510786246676,-122.47334177189356,313.33793351689764,1332.0,110.0,12,0,32020,49.0389,-122.480717
49.12265996315339,-122.67519694457822,182.76530113247404,1332.0,110.0,12,0,32834,49.118325,-122.682852
48.572803548998486,-123.4850293322534,2.0,600.0,110.0,0,6,110007,48.56809,-123.48731
48.789775683486376,-123.40948318418799,2.0,272.0,110.0,12,2,42778,48.786517,-123.404005
49.10209688091817,-121.84129361616202,80.86281375903826,1332.0,110.0,20,0,11439,49.097088,-121.841418
49.54721236642162,-124.67068522911536,13.289584314181342,1056.0,110.0,12,2,73752,49.548961,-124.676881
49.04857662396528,-122.39814958742014,418.14139695495396,1332.0,110.0,2,0,32985,49.040971,-122.397734
51.58485918848205,-121.32495196764923,9.0,756.0,110.0,2,2,5857,51.587491,-121.320364
52.363172386435785,-121.33087396983363,23.0,30.0,110.0,20,2,32999,52.381425,-121.29915
49.367258481590106,-121.51358274022498,38.84434979980252,3540.0,110.0,56,6,66016,49.366358,-121.510661
48.80208828762329,-123.44498789033904,3.468014275509975,272.0,110.0,42,6,79971,48.79536,-123.4503
49.68980186585494,-115.97235231296555,116.0,702.0,132.0,0,0,13683,49.68698,-115.97593
54.83615462379951,-127.13495242481272,105.0,210.0,90.0,20,0,29461,54.836524,-127.140322
50.08223562243062,-119.49765308169259,5.5,1722.0,132.0,12,6,82755,50.082175,-119.497957
49.24504056281742,-122.23155066519297,66.37488214706232,1332.0,110.0,20,0,21640,49.252765,-122.237296
53.89961735343563,-122.67117786173314,305.53041836345596,30.0,110.0,20,0,18014,53.901665,-122.67804
48.702821863009135,-123.56136150351534,6.0,2862.0,110.0,12,6,64105,48.700086,-123.571184
48.361775249627,-123.55540095747794,2.0,930.0,110.0,12,2,32151,48.348629,-123.547742
50.561674346012786,-127.01053186933763,48.12530379864878,2450.0,90.0,20,0,50600,50.566255,-127.013798
49.829425791718045,-119.3926654886833,84.57420655887775,1722.0,132.0,6,6,76707,49.83597,-119.398581
50.01129216741398,-125.26691187171555,133.81499265172087,2652.0,110.0,6,0,4370,50.005582,-125.265658
49.0432316166894,-119.48250099124965,73.84708407606395,2970.0,132.0,12,0,2029,49.042662,-119.486602
56.303519717875794,-121.05292142228039,55.060452875936406,1980.0,110.0,20,0,26332,56.305209,-121.049889
49.41027659498086,-119.56659348636607,16.220924298761172,2970.0,132.0,20,0,502,49.407588,-119.566386
51.31923743046825,-116.93828226864548,18.0,702.0,132.0,42,6,99638,51.308325,-116.947578
49.179982874317524,-122.53776220388606,110.25814334980282,1332.0,110.0,12,0,9335,49.183192,-122.538874
50.482826350355026,-119.18896365595816,14.0,650.0,132.0,0,6,114428,50.485149,-119.180869
52.86871311691912,-122.4133284646925,80.0,30.0,110.0,6,2,46538,52.86847,-122.411919
51.123607086519,-120.06289906589446,219.33972033418738,650.0,110.0,2,0,29739,51.095975,-120.054068
48.65879934216772,-123.44275413200576,38.0,1640.0,110.0,2,2,35042,48.655625,-123.442893
49.0612663091933,-122.64846788311303,202.63285673806774,1332.0,110.0,12,0,41740,49.067032,-122.651266
49.11372164180296,-122.49617610860365,159.57636932734079,1332.0,110.0,12,0,35536,49.106331,-122.486878
52.10902141053506,-122.09722360589872,40.0,30.0,110.0,12,2,24036,52.109456,-122.092262
49.48468262587144,-115.84587744519078,120.0,702.0,132.0,6,2,27943,49.486071,-115.847093
53.936981295995956,-122.53469929118218,47.27944708639999,30.0,110.0,20,0,40565,53.936568,-122.545263
49.28146872964177,-124.16079321431708,55.0,1122.0,110.0,2,2,57665,49.287524,-124.152326
49.15510775159876,-122.66426763476188,128.29757534368983,1332.0,110.0,12,0,1570,49.153518,-122.667665
50.83883319679672,-119.31852436378016,215.05096028675007,650.0,132.0,6,0,60335,50.83517,-119.323443
50.42687340389778,-119.2331192370818,246.79886470094849,650.0,132.0,6,0,14009,50.424676,-119.230776
49.13576278756748,-122.65405243849516,117.38262003612148,1332.0,110.0,12,0,30581,49.130359,-122.654071
48.52717004631833,-123.44429036939701,2.0,3906.0,110.0,12,2,22836,48.53653,-123.436394
48.674131305492644,-123.59479655267181,73.1489646735229,2862.0,110.0,2,0,45160,48.676518,-123.597407
48.80456993922947,-123.28095432455262,0.0,272.0,110.0,12,2,19955,48.81383,-123.28482
49.091630122940245,-122.62210323383049,185.5888614644426,1332.0,110.0,12,0,3165,49.092839,-122.625006
53.91154272292934,-124.02362120054451,135.95091712049458,182.0,110.0,2,0,16773,53.9091,-124.0262
50.63773499151636,-119.7866071090136,51.80290475214743,650.0,132.0,2,0,51673,50.636465,-119.787484
54.107120726634605,-124.290477337013,185.19864347239903,210.0,110.0,20,0,39963,54.10438,-124.287216
49.26427434006598,-115.8495070440563,96.31236715137395,702.0,132.0,6,0,6091,49.268375,-115.846154
49.68710403253406,-124.88289035225918,176.63054180985762,240.0,110.0,42,6,85409,49.688819,-124.888987
48.63401563182653,-123.55409274768054,28.0,870.0,110.0,6,2,75057,48.631684,-123.557206
50.879068197123935,-119.88855056183407,113.35233582530385,650.0,132.0,6,0,59284,50.877588,-119.888653
50.24145564001437,-119.34263830144658,164.1085271459244,1722.0,132.0,6,0,16514,50.241435,-119.342662
49.440635743590505,-115.7998153407691,36.018819744455335,702.0,132.0,42,6,100833,49.437436,-115.804729
49.01475093502155,-122.3301199646003,185.0501229879327,1332.0,110.0,2,0,33357,49.002711,-122.338473
50.51251329178928,-119.22253632729542,109.31885734015245,1722.0,132.0,2,6,82966,50.515153,-119.222287
49.1157804290221,-123.82324204680883,69.4388512996341,56.0,110.0,2,0,20154,49.111913,-123.823123
51.56939171192136,-121.15897846263142,24.0,756.0,110.0,2,0,37715,51.562631,-121.157711
49.101155908167534,-122.54088014782866,42.394785945116276,1332.0,110.0,12,0,35084,49.097875,-122.544569
48.80690351567298,-123.47858332293467,56.558775797690664,272.0,110.0,42,6,81255,48.813654,-123.475666
51.862899050481644,-120.86992305368764,51.047611181440374,756.0,110.0,56,6,77818,51.86423,-120.86966
49.89728948605138,-118.08889377197463,70.0,702.0,132.0,6,0,775,49.89752,-118.089788
48.74624938287438,-123.21547232173339,18.0,272.0,110.0,56,2,62238,48.747711,-123.210689
52.21133550386915,-122.08808380191,20.820951503204586,30.0,110.0,56,6,72751,52.215858,-122.090255
49.01117227792983,-122.282087906736,52.75413394485938,1332.0,110.0,12,0,10417,49.003788,-122.282289
48.42661141732848,-123.54060141065462,5.0,930.0,110.0,12,2,29795,48.428178,-123.54173
49.16653023938453,-122.58514257028334,287.919249312762,1332.0,110.0,42,0,65701,49.170521,-122.584785
48.64314836184351,-123.62414466835646,82.0,870.0,110.0,0,6,113305,48.643786,-123.625284
49.81890723445102,-119.48274376065208,187.31414715889687,1722.0,132.0,20,0,26322,49.828711,-119.478474
49.28792483918204,-124.35939515538051,4.0,1122.0,110.0,12,2,51064,49.287519,-124.35885
49.53568487292996,-124.81685007222491,5.891756118678861,1056.0,110.0,12,2,12989,49.536077,-124.821611
49.45961237956702,-120.41238252159026,72.32323032196985,2970.0,110.0,6,0,17488,49.458572,-120.418378
49.0061913721084,-122.58113772333066,165.28119244687068,1332.0,110.0,12,0,41874,49.002574,-122.574767
48.361775249627,-123.55540095747794,0.0,930.0,110.0,2,2,33117,48.349196,-123.549476
49.373416369578045,-123.33129860323149,35.0,1332.0,110.0,20,2,31540,49.372488,-123.329373
49.5353627998718,-124.66029871151252,3.0,1056.0,110.0,12,2,76794,49.52819,-124.657638
48.71916673869546,-123.5723418505817,213.04203100625287,306.0,110.0,56,6,84621,48.725162,-123.57212
55.885572450162414,-120.21754495630718,109.58916524024211,1980.0,110.0,30,0,11788,55.859697,-120.194297
48.789302482441634,-123.69199839473511,10.0,3782.0,110.0,2,2,39444,48.793623,-123.690199
48.66592271956096,-123.55949283140151,10.0,2862.0,110.0,2,2,27245,48.665554,-123.561137
48.572803548998486,-123.4850293322534,20.0,600.0,110.0,2,2,35860,48.575113,-123.479891
49.44291654206062,-123.4325884460301,2.0,1332.0,110.0,6,2,72259,49.440944,-123.429577
55.7698538142266,-120.73866551996319,41.0,1980.0,110.0,30,0,16464,55.772373,-120.729271
49.310141212193265,-119.7191089349649,65.73719536130527,2970.0,132.0,20,0,43294,49.315818,-119.722275
52.1134453989481,-121.90994484116223,130.50989455531177,30.0,110.0,42,6,76968,52.119914,-121.910787
49.96754895103968,-119.38411689459785,47.19546377042772,1722.0,132.0,2,6,70231,49.968283,-119.382561
49.22036908013114,-119.55211899838812,19.304831830911038,2970.0,132.0,12,0,5146,49.22547,-119.558775
49.66944359527458,-125.0326642440004,21.074206827166886,240.0,110.0,6,2,12336,49.670547,-125.027353
52.44071333761879,-126.3315276366144,51.18430274971875,156.0,90.0,72,6,93711,52.385151,-126.102896
49.160530049951284,-116.2755838624741,141.7745476491385,702.0,132.0,42,6,100590,49.159691,-116.272317
49.04081348581722,-122.84065159907566,326.82794342206233,1332.0,110.0,12,0,3320,49.046175,-122.84156
49.16679041825573,-123.85683678698882,4.0,1056.0,110.0,42,6,73216,49.167108,-123.861625
50.261187583854735,-119.23279132634735,106.92459364141094,1722.0,132.0,6,0,15123,50.257113,-119.238708
48.64314836184351,-123.62414466835646,11.0,870.0,110.0,6,2,46931,48.645369,-123.620213
49.05380655363658,-122.71589145271406,298.36465218495044,1332.0,110.0,12,0,8832,49.04847,-122.719234
49.089761300812796,-122.79783419774726,373.39359004733876,1332.0,110.0,12,0,53804,49.09147,-122.807748
48.752615387492426,-123.75807026360692,79.97350392603778,2070.0,110.0,2,0,30332,48.755555,-123.752998
49.174236631778335,-123.79187052753154,24.0,1056.0,110.0,12,2,54474,49.172922,-123.786926
49.23864329360782,-124.07073515812885,2.0,3422.0,110.0,42,6,69501,49.23902,-124.073975
52.43070256851559,-122.29069283939623,55.39346553594811,30.0,110.0,6,0,52800,52.42931,-122.28719
55.83197499890623,-121.79635837779708,190.0,1980.0,110.0,2,2,49789,55.832059,-121.796992
49.04415635939456,-122.65913010834697,194.43858965361838,1332.0,110.0,12,0,58707,49.040114,-122.653179
48.86214642221246,-123.54912298692007,0.0,272.0,110.0,12,2,27991,48.859798,-123.553462
49.35845255773802,-120.03081675752321,6.0,2970.0,110.0,6,2,57000,49.363007,-120.036538
49.285826454002304,-119.63387842874232,31.628653533629173,2970.0,132.0,6,0,22155,49.283628,-119.63261
52.06485891804191,-122.1126327446942,148.35021356383965,30.0,110.0,12,0,57808,52.059868,-122.11678
49.18157059303258,-119.75954097419543,34.96223021750134,2970.0,132.0,0,0,33721,49.17616,-119.74493
54.28567257260518,-124.24319853014575,144.9172328366929,210.0,110.0,6,0,54557,54.284099,-124.248111
48.630677163353795,-123.4175778543132,50.35288503988211,1640.0,110.0,12,0,1279,48.635808,-123.420744
50.64533163326609,-119.95561794670897,118.81875277957342,650.0,132.0,2,0,54387,50.644554,-119.953439
48.509917693445544,-123.51822770478282,25.0,600.0,110.0,20,2,79493,48.507609,-123.516269
50.217329674064274,-118.83193679904574,103.27643635830007,1722.0,132.0,42,6,79627,50.217533,-118.832859
49.507550267684664,-124.6428429325369,3.0,1056.0,110.0,12,2,53401,49.50477,-124.647233
50.01664850083098,-125.15450819624677,27.385579553564035,2652.0,110.0,12,0,39597,50.015845,-125.156222
49.79754499291802,-124.48184343220404,174.7878926187539,1332.0,110.0,6,0,21898,49.7951,-124.46825
48.368798674569646,-123.83121003981044,16.0,1806.0,110.0,2,2,31652,48.36312,-123.82681
52.84448869023378,-122.40896281307688,73.3554018752188,30.0,110.0,6,0,15698,52.836457,-122.415617
49.03457924210499,-122.3145377028114,142.20007629421704,1332.0,110.0,12,0,10256,49.034367,-122.31686
53.98198028737271,-122.69831251466941,96.78848220722462,30.0,110.0,20,0,60572,53.984858,-122.698566
53.9675128957887,-123.99821668791813,110.0,110.0,110.0,0,2,97243,53.967298,-123.999743
48.82549999425602,-123.46544212160853,0.0,272.0,110.0,12,2,44772,48.826459,-123.461359
49.17623047993172,-123.81581738004557,5.0,1056.0,110.0,12,0,23418,49.171772,-123.808777
49.069600944762506,-117.60872699654428,65.54811376623961,702.0,132.0,6,0,41218,49.069132,-117.609794
49.09973785812771,-122.3751217779695,268.8199130406634,1332.0,110.0,2,0,28399,49.098816,-122.371485
51.68740625360847,-123.13889956556845,36.95503666209609,756.0,110.0,42,6,91755,51.726037,-123.004517
52.99916398029126,-122.51779933105433,154.37613831813573,30.0,110.0,12,0,16996,52.994535,-122.516259
52.76433757467937,-122.44330957494542,87.77138879546544,30.0,110.0,6,0,57134,52.76242,-122.442454
49.222392962068994,-122.40474610561877,125.4659501838824,1332.0,110.0,20,0,11447,49.21927,-122.395927
50.26736767216116,-118.80910744767861,39.447110764244265,1722.0,132.0,12,6,80498,50.27044,-118.82254
51.85852598365705,-121.24401496696996,104.60416069802642,756.0,110.0,42,6,78141,51.860928,-121.246427
50.49358294738732,-119.23309799922541,12.87134739812853,1722.0,132.0,0,6,76136,50.4988,-119.23558
48.509917693445544,-123.51822770478282,5.0,600.0,110.0,20,2,80853,48.520298,-123.519391
49.0344112098287,-122.75546956966238,324.9562727200485,1332.0,110.0,12,0,3299,49.040405,-122.756607
52.0953170493786,-122.11687529737713,75.63756690696808,30.0,110.0,12,0,44647,52.09873,-122.117137
49.78346762259359,-125.05809805576554,176.03834751748246,240.0,110.0,6,0,75064,49.784481,-125.055543
49.78585631847424,-115.72993367489924,82.25781021291706,702.0,132.0,72,0,46916,49.786412,-115.729341
49.0418951860239,-123.77463261855976,11.0,1892.0,110.0,2,2,52074,49.041923,-123.770366
48.77539606234481,-123.44941233079908,8.419041726179833,272.0,110.0,2,6,63509,48.78021,-123.450249
49.87649762268925,-119.44140146073687,159.36212341205098,1722.0,132.0,6,0,61957,49.875733,-119.44579
49.18157059303258,-119.75954097419543,83.19102367017642,2970.0,132.0,0,6,107556,49.171659,-119.750155
54.75281686553816,-127.1504560278681,130.4972168360096,210.0,90.0,20,0,42367,54.75094,-127.148723
49.23864329360782,-124.07073515812885,21.68793963599231,3422.0,110.0,42,6,87129,49.235114,-124.06639
51.36659535685219,-121.2713692189796,6.0,756.0,110.0,0,2,41849,51.344729,-121.306841
53.071977053762424,-121.5116177885366,23.0,30.0,110.0,20,2,20904,53.05501,-121.48604
49.47732904234241,-117.4444496422825,10.989552757155844,702.0,132.0,42,6,79360,49.482325,-117.447458
52.06249649011455,-122.15514566199423,50.0,30.0,110.0,12,2,35189,52.063405,-122.161626
49.37660537383647,-123.35164111284028,11.570792038541937,1406.0,110.0,42,6,79175,49.375014,-123.351211
49.46364523711271,-120.54271331863357,52.20423151824053,3540.0,110.0,56,0,84982,49.461922,-120.542766
49.039806391920344,-122.5328919896633,217.0248434939777,1332.0,110.0,12,0,34435,49.033954,-122.527066
48.48034422133439,-123.51832846201773,4.0,600.0,110.0,42,6,73361,48.492654,-123.522817
55.97514726305006,-120.50590224293026,110.66374871021877,1980.0,110.0,0,6,107690,55.975362,-120.507521
52.11467922155561,-122.17166551961218,82.68126216607234,30.0,110.0,56,6,72708,52.116086,-122.178602
48.65309348146557,-123.71052246231842,23.0,552.0,110.0,42,6,85028,48.648559,-123.722729
49.01475093502155,-122.3301199646003,173.5381674644103,1332.0,110.0,12,0,10384,49.017302,-122.321402
49.304057948182574,-121.64789248504545,77.0,3540.0,110.0,20,0,32113,49.295963,-121.657079
50.39029770740695,-119.83118654688948,110.66083674061892,650.0,132.0,6,0,51128,50.383979,-119.843821
49.226601687515334,-119.8186294511676,83.44164151133921,2970.0,132.0,6,0,20170,49.218405,-119.819554
48.71916673869546,-123.5723418505817,285.0,272.0,110.0,2,0,43758,48.720857,-123.571446
54.857540125695394,-127.13617258778653,57.941179838373046,210.0,90.0,0,0,786,54.88152,-127.17884
49.04058129807105,-123.85344536303026,94.0,1892.0,110.0,0,6,107629,49.028001,-123.85052
48.50329207770161,-123.46403956634319,25.0,600.0,110.0,20,2,80839,48.497134,-123.459514
49.534281224434494,-124.75904502958852,38.0,1056.0,110.0,12,2,43355,49.542084,-124.757817
48.562631814841964,-123.58696733786775,56.0,870.0,110.0,42,6,84063,48.562349,-123.5845
49.05239300118557,-118.47811656160373,57.0,2970.0,132.0,56,6,91685,49.05236,-118.479004
49.930788549218406,-124.67511218216222,13.432792043062515,1332.0,110.0,42,6,99996,49.930609,-124.67472
49.22765007298829,-119.54619963811487,21.87868337100941,2970.0,132.0,12,0,22015,49.229373,-119.54094
49.36905188568121,-119.54337455500833,7.0,2970.0,132.0,20,2,53290,49.364911,-119.538183
51.950956316072286,-122.11772454857491,115.98403934688248,30.0,110.0,6,0,28688,51.946845,-122.115089
49.27008667996957,-121.78556466771157,128.49527708393651,1406.0,110.0,0,6,114565,49.2734,-121.7872
49.440635743590505,-115.7998153407691,40.0,702.0,132.0,6,2,52773,49.438792,-115.803662
48.48996285132161,-123.42710670434141,9.258896643779222,3906.0,110.0,2,2,34372,48.48837,-123.42491
56.52599159561835,-121.23149725519822,54.40049156384934,1980.0,110.0,30,0,44881,56.523982,-121.231805
49.17256825263656,-122.65149110955798,95.48238845279558,1482.0,110.0,2,0,107835,49.188136,-122.647973
48.87865375647656,-123.32001491928358,2.1065289647866194,272.0,110.0,0,2,91510,48.86668,-123.31677
48.87681217031764,-123.70587149043227,58.59346759882835,72.0,110.0,6,0,16440,48.875853,-123.706932
48.38268339638258,-123.58332795357559,1.0,930.0,110.0,2,6,106811,48.378749,-123.577222
48.905295300856665,-123.52348101220404,11.0,272.0,110.0,12,2,26812,48.896586,-123.517684
49.17325993532946,-122.28175419130804,91.21863583753978,1332.0,110.0,30,0,9779,49.176387,-122.279509
50.70908908417585,-116.11156679111852,228.57197626966104,702.0,132.0,6,0,30528,50.712681,-116.111691
49.55257306504598,-124.8278048108245,15.40154860721028,1056.0,110.0,0,6,93998,49.547212,-124.819454
49.06708414748547,-122.0626337102705,30.576451688211332,1332.0,110.0,20,0,2210,49.070551,-122.05357
49.89129561252215,-125.23301705976647,85.0,1560.0,110.0,20,2,40371,49.890733,-125.231146
49.14718685857779,-121.90411713571861,54.15746965503908,1332.0,110.0,0,6,103977,49.13265,-121.9195
49.38011845596384,-116.7275201870901,34.974728623915794,702.0,132.0,0,6,103702,49.379824,-116.727932
52.3744757654176,-126.75284057960104,90.8024160017632,156.0,90.0,72,6,75975,52.37351,-126.758402
52.3744757654176,-126.75284057960104,97.0,156.0,90.0,20,2,46213,52.370794,-126.754617
49.26427434006598,-115.8495070440563,89.34573637611538,702.0,132.0,42,6,71744,49.265594,-115.847772
49.051513382576154,-116.44924049282209,20.0,702.0,132.0,2,2,94766,49.047041,-116.447843
49.78585631847424,-115.72993367489924,82.26058214309178,702.0,132.0,72,0,48104,49.786426,-115.728993
52.99486488079226,-122.48040611248227,86.08959570775156,30.0,110.0,12,0,24133,52.993413,-122.484657
49.30601729316826,-124.47547712157464,43.0,20.0,110.0,2,0,38352,49.307658,-124.473564
54.11663428596791,-121.94103182722785,205.283100011275,30.0,110.0,0,6,116467,54.3711,-121.9848
48.92412636309018,-123.57389484623948,2.682988657321847,272.0,110.0,56,2,97547,48.923961,-123.578115
49.057406303640974,-122.75671732863984,333.244970734664,1332.0,110.0,12,0,28370,49.055857,-122.75946
51.22633459396736,-116.88716965461944,97.70516886420467,702.0,132.0,42,6,70517,51.225773,-116.889458
49.013892932233965,-122.42775290327994,383.77613878114295,1332.0,110.0,2,0,58112,49.010192,-122.425154
48.65309348146557,-123.71052246231842,7.0,552.0,110.0,0,6,115439,48.649102,-123.706309
51.589631930508446,-122.19329769445183,47.293429875229315,30.0,110.0,42,6,72630,51.615807,-122.219671
48.87865375647656,-123.32001491928358,33.0,272.0,110.0,12,2,24243,48.871479,-123.315994
48.805777866668784,-123.19364159590114,11.0,272.0,110.0,12,2,48649,48.802535,-123.188285
49.88746731599498,-119.41291857934206,158.97629273241895,1722.0,132.0,20,0,5070,49.889337,-119.41437
50.172231623511756,-125.17463013392891,4.6940894611941895,2652.0,110.0,42,6,73588,50.171171,-125.180293
49.00829420139225,-122.07515399813146,132.93327983109387,1332.0,110.0,42,0,59109,49.005594,-122.073658
54.98510349178884,-127.32222923387921,0.0,210.0,90.0,20,0,54350,54.956229,-127.365571
49.13576278756748,-122.65405243849516,120.68330046108052,1332.0,110.0,12,0,27728,49.129016,-122.655986
49.091630122940245,-122.62210323383049,167.4580705355381,1332.0,110.0,12,0,26767,49.109148,-122.628061
52.88606744006738,-122.4470025025012,243.0,30.0,110.0,6,0,21687,52.89173,-122.446341
48.80456993922947,-123.28095432455262,12.0,272.0,110.0,12,2,37825,48.793743,-123.285905
51.98562470249484,-122.19413980643625,27.0,30.0,110.0,6,2,56749,51.994101,-122.197702
49.17546446554026,-122.31264279717149,43.36021950768243,1332.0,110.0,2,2,72136,49.180651,-122.316592
48.79252957374162,-123.49569057901202,7.463356886741714,272.0,110.0,42,2,81170,48.803946,-123.491045
49.372204539872904,-121.54187077885327,38.73206314963828,3540.0,110.0,56,6,71345,49.370772,-121.542913
49.00217550767658,-123.62807844574948,6.0,272.0,110.0,42,6,86330,48.999607,-123.629535
51.61258487950207,-121.19159181655891,23.0,756.0,110.0,42,2,98813,51.617088,-121.18873
51.55852059132026,-120.98521860772108,74.49623509796712,756.0,110.0,42,6,86415,51.555627,-120.981795
49.191385041701714,-122.80084640852262,286.7040218206999,1332.0,110.0,12,0,11291,49.192889,-122.799875
49.15858748355145,-119.52823290972643,53.150150050990426,2970.0,132.0,42,6,72272,49.154021,-119.526451
53.94003304556977,-122.5128545470336,65.0,30.0,110.0,20,0,21115,53.941115,-122.510677
50.283684233119075,-118.94463904046317,132.8585460607736,1722.0,132.0,12,6,80437,50.293384,-118.936555
53.983585936794086,-122.72356666122262,143.26083615723803,30.0,110.0,20,0,39823,53.977494,-122.727666
50.0408454568953,-125.21207956559468,75.0112281446941,2652.0,110.0,12,0,4309,50.048123,-125.209061
58.438117605913845,-129.995123508951,115.53856035664055,42.0,90.0,42,6,70809,58.439237,-129.999327
49.17288164654014,-122.73761048035766,298.54295700480935,1332.0,110.0,12,0,20685,49.170347,-122.740921
49.15592570127015,-122.7911035323973,359.9296856738734,1332.0,110.0,12,0,2449,49.160335,-122.789733
55.76772416299507,-121.01365153762659,131.6089731258736,1980.0,110.0,30,0,14512,55.765468,-121.026807
48.85089588804323,-123.29763130243633,13.529237572349198,272.0,110.0,42,6,64625,48.845238,-123.306165
49.0414347194928,-119.23738628131217,116.19467137299195,2970.0,132.0,2,0,62934,49.153611,-119.235846
50.14167620364897,-120.28347947346856,69.56657966095818,650.0,110.0,6,0,11650,50.140767,-120.284027
52.96581060366799,-122.4564070077703,229.9367833752619,30.0,110.0,56,6,77995,52.974219,-122.458094
48.509917693445544,-123.51822770478282,6.0,600.0,110.0,2,2,73338,48.510093,-123.511854
50.705178846800834,-120.33905521728097,89.46705084417957,650.0,110.0,6,0,31247,50.702511,-120.340791
49.773936990693215,-124.42908311211856,103.66778144590437,1332.0,110.0,42,6,110766,49.775207,-124.432386
49.28878262140027,-124.41687026631055,25.003143021466,1122.0,110.0,20,0,3865,49.289667,-124.413781
48.741109708622915,-123.76961414279583,46.0,2070.0,110.0,2,0,4123,48.749642,-123.76967
49.02275150078155,-116.50016235411982,7.0,702.0,132.0,6,2,40825,49.028384,-116.511483
49.629703611833904,-124.08040548501658,10.0,1332.0,110.0,6,2,70729,49.629145,-124.081226
49.11737384941117,-123.85524221981409,8.537016582199655,342.0,110.0,2,2,6547,49.126133,-123.868892
49.24108025330492,-122.3795374325487,130.90482813430972,1332.0,110.0,12,2,107780,49.235894,-122.389268
49.38187524789703,-121.41737816100307,13.587405010530631,3540.0,110.0,20,0,33380,49.381547,-121.418893
49.54654753656386,-120.75999939330688,20.132135510497864,3540.0,110.0,56,6,70316,49.545746,-120.761566
49.039806391920344,-122.5328919896633,210.6454120171416,1332.0,110.0,12,0,23468,49.040467,-122.536008
50.26070768335778,-117.81584199751326,8.952910515183401,702.0,132.0,0,6,91914,50.26295,-117.81945
54.66037583225635,-128.38322969192657,143.85704845232274,210.0,90.0,20,0,58979,54.65781,-128.386031
53.837276453661346,-122.63259158036021,473.24952470388797,30.0,110.0,0,6,94471,53.837314,-122.63264
49.30284988822692,-121.7893888530707,113.0,1332.0,110.0,20,0,51840,49.300592,-121.786873
48.82549999425602,-123.46544212160853,3.9065434065688716,272.0,110.0,12,2,19093,48.829553,-123.466102
50.460530728338014,-119.77369498822084,126.65228380920034,650.0,132.0,6,0,21196,50.460834,-119.770883
49.774295662821004,-124.98178278473293,110.6720794325748,240.0,110.0,0,6,109717,49.774863,-124.97606
50.4616612815695,-119.19797182706307,32.63014297100274,650.0,132.0,12,0,33323,50.462557,-119.197444
56.504841962809365,-120.89235808803754,110.55169773630733,1980.0,110.0,42,6,101604,56.511316,-120.864952
49.208826747486036,-121.8210248877661,47.4033123103881,1332.0,110.0,20,0,43233,49.208467,-121.820529
49.20791902860917,-123.04500849220663,57.80104366067132,1406.0,110.0,12,6,108185,49.207563,-123.04591
49.917815705401864,-119.3943198039603,172.68097748434454,1722.0,132.0,6,0,5080,49.915587,-119.391329
49.174236631778335,-123.79187052753154,15.0,1056.0,110.0,12,2,50338,49.173031,-123.784074
49.11737384941117,-123.85524221981409,27.688078266094433,56.0,110.0,2,0,45476,49.104148,-123.864097
54.063724996798214,-122.38312993188585,190.35277414696012,30.0,110.0,20,0,24927,54.06289,-122.38283
49.09953495532989,-123.84680989051856,11.0,56.0,110.0,42,6,67398,49.101941,-123.843796
48.68549330757791,-123.57273822058262,202.4537099653644,2862.0,110.0,2,0,46716,48.690691,-123.571757
49.072806704386366,-122.65478480593981,201.82047516480026,1332.0,110.0,12,0,20086,49.067069,-122.654634
52.91599854009382,-122.45729764819615,188.03163674156062,30.0,110.0,12,0,39709,52.919329,-122.450481
48.67316071033189,-123.61104863293666,13.0,2862.0,110.0,2,2,41617,48.673781,-123.606367
49.48694560599751,-124.8003173448896,29.020168060502375,1260.0,110.0,6,0,68388,49.488291,-124.803971
49.10059468569528,-122.7987283778721,417.52182735519216,1332.0,110.0,12,0,11042,49.101182,-122.79034
48.97801423097677,-123.67328594817103,4.0,272.0,110.0,12,2,34876,48.983315,-123.677261
49.48473898400707,-124.69385819834665,7.5405751061066395,1056.0,110.0,56,6,65621,49.48355,-124.693975
49.2906665234997,-117.66793372185053,18.0,702.0,132.0,56,2,89078,49.28979,-117.668248
49.83373530792071,-119.43922434132918,153.52866131203044,1722.0,132.0,6,0,25101,49.829418,-119.445191
49.26410360792645,-124.2440717174525,34.95806227156115,1122.0,110.0,0,0,104520,49.260082,-124.243058
49.28146872964177,-124.16079321431708,10.450829687542159,1122.0,110.0,12,2,44769,49.280891,-124.168754
49.18029387080555,-124.05031970180704,52.0,992.0,110.0,0,2,89337,49.177561,-124.059486
48.55086271351011,-123.43804253134076,66.0,3906.0,110.0,0,2,25608,48.553989,-123.432275
52.96581060366799,-122.4564070077703,189.31079985441647,30.0,110.0,2,6,100124,52.96285,-122.454797
49.021460428158434,-122.27593682108954,52.934052276496104,1332.0,110.0,2,0,24416,49.020226,-122.274093
49.11687407971453,-122.60381216732411,249.9332655428296,1332.0,110.0,12,0,57042,49.120156,-122.603064
48.64314836184351,-123.62414466835646,62.0,2652.0,110.0,56,6,84872,48.647198,-123.619706
49.03137076517198,-122.33693697158523,280.2854986177067,1332.0,110.0,12,0,10315,49.04536,-122.332324
52.109761831828436,-121.98953188210437,199.48078817550942,30.0,110.0,56,6,70987,52.108814,-121.993226
49.15689855616021,-116.5317907413366,61.0,702.0,132.0,0,6,104803,49.160049,-116.52839
48.509917693445544,-123.51822770478282,18.0,600.0,110.0,2,2,85647,48.502538,-123.527414
50.49783350596335,-119.18869048943745,15.505060838206322,650.0,132.0,2,2,16902,50.504493,-119.195356
49.01735913704113,-118.41520053319485,159.23869710883952,2970.0,132.0,2,0,7978,49.014954,-118.41527
53.999083058940876,-123.99127660675884,80.0,30.0,110.0,20,2,24977,54.006452,-123.989908
54.745649296897476,-127.11546743869533,262.2531888752396,210.0,90.0,20,0,29041,54.734236,-127.113557
49.54784009680787,-119.56306442502385,87.0,2970.0,132.0,0,0,33016,49.55473,-119.56992
49.07117158814728,-119.52504572770395,210.96919984300135,2970.0,132.0,2,6,99240,49.067718,-119.521399
53.94765090591218,-122.76023464709895,212.97297883347554,30.0,110.0,12,0,11878,53.952223,-122.762787
48.63040060913144,-123.43498646882657,6.0,1640.0,110.0,2,2,32635,48.63064,-123.43225
49.174236631778335,-123.79187052753154,2.0,1056.0,110.0,12,2,57146,49.172002,-123.789807
49.78585631847424,-115.72993367489924,73.06113275487624,702.0,132.0,72,0,48789,49.778605,-115.727795
49.20035120737268,-122.42465151838017,89.05878670762293,1332.0,110.0,2,6,78669,49.198225,-122.428606
50.04739530542577,-119.40268368239987,54.795581494556934,1722.0,132.0,0,0,8550,50.0517,-119.40306
51.20051272542358,-120.13627235251037,215.8013317206472,650.0,110.0,2,0,61622,51.202893,-120.136847
54.2483153707704,-125.75741714791485,48.26544935102595,210.0,110.0,20,2,57213,54.248575,-125.756144
54.83346819146952,-127.21402066665186,185.33719181694747,210.0,90.0,20,0,52786,54.832527,-127.208658
51.44782250367103,-121.11994246918393,62.60182575260317,756.0,110.0,6,0,19902,51.456581,-121.125437
48.98515629737229,-123.68384504796514,7.0,272.0,110.0,12,2,29903,48.9875,-123.693652
49.07061007901527,-122.71455255227123,290.92125768265714,1332.0,110.0,2,6,100756,49.069294,-122.718569
49.141240486567995,-122.55525471732116,268.64370289179834,1332.0,110.0,12,0,4640,49.134184,-122.559467
48.87006359543554,-123.28911753497533,33.52331612531163,272.0,110.0,42,6,93475,48.868493,-123.291744
49.19212923601193,-123.86011382640345,6.0,1056.0,110.0,12,2,6637,49.189818,-123.860839
56.88834924534669,-121.14109167938607,262.0,1980.0,110.0,2,6,102558,56.8882,-121.143
55.74243821346584,-121.30740901212683,157.96473087056037,1980.0,110.0,56,6,102552,55.741601,-121.308377
48.7783373679548,-123.80145378967914,41.0,2550.0,110.0,2,0,43882,48.780655,-123.800922
49.69790959084778,-124.97512143442074,111.55958596962581,240.0,110.0,6,0,12169,49.69997,-124.979607
48.630677163353795,-123.4175778543132,57.0,1640.0,110.0,2,2,33068,48.634829,-123.417764
48.86831635454385,-123.3489686517221,3.0,272.0,110.0,12,2,21353,48.867128,-123.349197
49.1134670325228,-122.40261604604544,101.91050952260197,1332.0,110.0,2,0,27669,49.112777,-122.405498
54.025442238979046,-122.85593598728818,286.4163651736619,30.0,110.0,20,0,43441,54.03147,-122.85316
49.075298140394516,-116.60464869402144,21.0,702.0,132.0,6,2,46061,49.066022,-116.603057
49.22134768842767,-122.38567115924431,142.76294410278962,1332.0,110.0,20,0,11401,49.218112,-122.389652
49.18324019460274,-122.77873974965544,329.2526359239615,1332.0,110.0,12,0,11188,49.179043,-122.783452
49.54784009680787,-119.56306442502385,9.0,2970.0,132.0,12,2,50858,49.54196,-119.559735
49.08623761376068,-122.6021725123305,194.59439393859205,1332.0,110.0,12,0,5810,49.084576,-122.604703
49.321841327291416,-122.90359083615533,16.0,1332.0,110.0,20,2,22244,49.317629,-122.910012
49.40211602124885,-123.51212114053146,54.30247899379609,1332.0,110.0,2,6,76196,49.400841,-123.507997
49.8393067167135,-119.68458374081987,6.5,1722.0,132.0,0,2,82526,49.83684,-119.68033
50.41250457153257,-119.1958188042674,110.0,1722.0,132.0,12,2,62374,50.415608,-119.190174
49.02300892682009,-119.4717418236996,230.85984266420817,2970.0,132.0,12,0,21290,49.02473,-119.47025
48.796040290239944,-123.75180751256111,64.32202060785262,3782.0,110.0,42,6,77112,48.795266,-123.758018
50.43823469599206,-119.50132664138127,178.16830314587705,1722.0,132.0,2,6,79614,50.439886,-119.500549
50.956569144835875,-120.12464614020692,24.0,650.0,110.0,2,2,40416,50.955658,-120.130403
50.8806300849515,-119.42557010772364,16.0,650.0,132.0,30,2,45212,50.88007,-119.426333
49.09384337817911,-116.53379326411368,28.90290655719903,702.0,132.0,42,0,98815,49.086502,-116.530457
49.1632409358971,-122.40185728571218,15.880147667630155,1332.0,110.0,2,0,58902,49.158588,-122.399587
48.85714663284818,-123.47710786156522,11.0,272.0,110.0,12,2,15137,48.853017,-123.474213
48.796795791271656,-123.65086543663061,100.0,4032.0,110.0,6,0,4125,48.794838,-123.653166
52.0862703186293,-122.179966438859,36.679755575682506,30.0,110.0,42,6,75941,52.09054,-122.182063
48.944849624354234,-123.76576793398003,73.18783319499902,1892.0,110.0,12,0,3369,48.950371,-123.77069
49.04598453515903,-122.66942703142166,200.24995480196264,1332.0,110.0,12,0,51518,49.046324,-122.67915
50.679752239257795,-119.31764914994761,61.335051474474156,650.0,132.0,2,0,20964,50.68045,-119.3214
49.6698979529799,-125.14218157058927,3.0,240.0,110.0,0,6,104650,49.661277,-125.134726
48.65254837622876,-123.56468341020343,60.0,2862.0,110.0,2,0,54308,48.648778,-123.56258
49.04969201659346,-118.50540844392755,120.0,2970.0,132.0,2,2,62882,49.046719,-118.505483
49.88784944840805,-125.13312734682987,41.93206896488291,240.0,110.0,6,0,6911,49.894044,-125.13852
48.99793420908218,-123.58398018349422,3.0,272.0,110.0,12,2,31518,48.99288,-123.582999
49.37642478342149,-119.62587537183836,55.0,2970.0,132.0,0,6,109852,49.378464,-119.622987
50.46192630585902,-119.72556662313492,40.505969006731355,650.0,132.0,6,0,15924,50.461717,-119.72129
49.17623047993172,-123.81581738004557,3.0,1056.0,110.0,42,6,73258,49.17131,-123.828347
50.65315597702236,-119.19386860731791,66.85907652723809,650.0,132.0,6,0,28017,50.649436,-119.193577
48.97388646613053,-123.56185930060428,4.0,272.0,110.0,12,2,58569,48.964976,-123.551646
52.15589456762383,-121.94243309270294,196.35170725273753,30.0,110.0,6,0,52206,52.155551,-121.947032
49.53214680742761,-115.8104179016498,168.0,702.0,132.0,42,2,90433,49.532556,-115.810551
49.3024627440572,-117.6411049517923,92.62812315901708,702.0,132.0,6,0,80232,49.298681,-117.645481
49.17908760360394,-122.47460110158734,49.227965703331066,1332.0,110.0,12,0,13605,49.174597,-122.468886
53.95447772759493,-122.92849469113573,64.40167768930452,30.0,110.0,20,0,51990,53.957522,-122.92767
49.26410360792645,-124.2440717174525,18.0,1122.0,110.0,12,2,52660,49.269237,-124.241679
48.830929850783555,-123.24933379032869,3.0,272.0,110.0,12,2,25723,48.832152,-123.248883
48.78449350231064,-123.84972617014571,10.0,2550.0,110.0,0,2,102212,48.790718,-123.855148
50.428898033976175,-120.30809437321604,15.249326893027153,650.0,110.0,42,0,99085,50.428115,-120.309816
49.52252108110955,-124.75343288522902,8.823009343234618,1056.0,110.0,0,2,74365,49.52277,-124.74912
49.02894808486162,-122.35579047154765,268.3789124921635,1332.0,110.0,12,0,38186,49.017889,-122.346724
49.0574400886631,-122.38135204178903,364.83076212397714,1332.0,110.0,12,0,10747,49.054751,-122.383963
52.44468549999307,-121.91125278115115,118.0,30.0,110.0,6,2,26950,52.457614,-121.93363
49.90561520734288,-120.90778893362935,26.0,3540.0,110.0,2,2,59434,49.90468,-120.913962
48.37382736745778,-123.56199371676783,32.339470593944434,930.0,110.0,42,6,73842,48.376844,-123.549314
53.84630965201239,-123.01861619591195,308.7909521835197,30.0,110.0,0,0,92702,53.84543,-123.018
49.09711835983676,-117.55882520491751,7.0,702.0,132.0,6,2,53839,49.104956,-117.557512
48.810544865771234,-124.10157102270384,31.856127754438425,306.0,110.0,0,0,102278,48.810284,-124.100269
49.017754616411644,-122.76738576160376,326.3326628881659,1332.0,110.0,12,0,8828,49.023582,-122.768753
49.533112202687605,-124.62469372112423,35.0,1056.0,110.0,12,2,38757,49.536833,-124.626002
49.22134768842767,-122.38567115924431,190.4519420045005,1332.0,110.0,20,0,42877,49.226883,-122.381345
49.166427535777906,-122.70396472205658,251.48511563592402,1332.0,110.0,12,0,34780,49.165613,-122.709615
49.25574104405839,-124.18878597467638,8.0,1122.0,110.0,2,2,46375,49.248394,-124.179007
49.517607201246115,-117.62708579144189,150.6827159485756,702.0,132.0,0,6,104199,49.523293,-117.629793
49.40742760306126,-120.25746506003442,102.8384045675923,2970.0,110.0,0,0,97938,49.403003,-120.255659
49.050327356019935,-122.47538174663171,525.0020755688419,1332.0,110.0,0,0,25909,49.055131,-122.470792
48.93004892423162,-123.76152292519221,30.0,72.0,110.0,2,2,52435,48.9299,-123.757965
52.331481637787405,-122.2724433370747,96.22661956619255,30.0,110.0,56,6,75853,52.330464,-122.271757
50.82903781640219,-119.32057627505253,198.57777860628573,650.0,132.0,6,0,59784,50.826309,-119.319481
49.072052387735376,-122.54753127374002,124.1986208545267,1332.0,110.0,12,0,37583,49.070389,-122.543533
49.08228060033511,-116.61108215679852,7.0,702.0,132.0,42,6,88482,49.081851,-116.612845
50.561674346012786,-127.01053186933763,286.4043895504708,2450.0,90.0,0,0,103103,50.5641,-126.9986
50.358890429802244,-125.91725609388551,76.5291044164077,2652.0,110.0,0,0,110382,50.357128,-125.91709
50.027716440634975,-119.39932289342516,125.12635998472653,1722.0,132.0,12,0,43287,50.032736,-119.404323
50.656818835065906,-120.08163874551765,177.9863706739954,650.0,110.0,6,0,60435,50.663284,-120.069416
50.88039835374367,-119.31372653474523,18.0,650.0,132.0,6,2,61602,50.873396,-119.323397
56.485960363473126,-120.91141421861191,101.25217072566927,1980.0,110.0,30,0,39080,56.486508,-120.913271
52.972211384259566,-122.41267211073404,228.7114583093244,30.0,110.0,42,6,72809,52.970966,-122.416529
49.05908075308108,-119.00140967390715,48.47685306146061,2970.0,132.0,6,0,53594,49.062714,-119.005146
48.54565417619885,-123.56528839409894,35.0,870.0,110.0,2,2,40417,48.550715,-123.57053
49.472506349429025,-115.82348251777077,45.427301925101695,702.0,132.0,6,0,390,49.464468,-115.830377
51.52574582148919,-120.85058798913526,49.6941981896742,756.0,110.0,2,0,44788,51.522938,-120.846808
49.50456431416706,-115.78699293853535,80.58411034531201,702.0,132.0,6,0,6054,49.505631,-115.789394
48.73408034803694,-123.68738226848139,19.0,2070.0,110.0,12,2,68828,48.737691,-123.698369
48.66592271956096,-123.55949283140151,69.43849687357881,2862.0,110.0,2,0,26421,48.672451,-123.556242
49.04188207932864,-122.5800663521939,172.16437758331458,1332.0,110.0,12,0,24950,49.045567,-122.58064
48.60597465615657,-123.4382751127797,0.0,4160.0,110.0,2,2,47331,48.602502,-123.442984
53.81814231890021,-122.65584859650855,263.9496808479855,30.0,110.0,20,0,20070,53.808917,-122.655759
52.96581060366799,-122.4564070077703,220.47380294832072,30.0,110.0,2,6,100197,52.966077,-122.452851
50.08628825614392,-120.76812130529429,196.78330895737415,650.0,110.0,6,0,34171,50.098404,-120.766868
49.29109544524026,-124.19680203652726,42.0,1122.0,110.0,2,2,33324,49.296515,-124.197801
48.66371155816413,-123.6313257669813,28.0,2862.0,110.0,0,2,96310,48.66688,-123.63903
50.09996503486786,-125.20879703920406,16.0,2652.0,110.0,12,2,53924,50.104301,-125.218316
49.53119811708301,-119.54303030250045,110.0,2970.0,132.0,6,2,61400,49.508252,-119.539697
48.364892636570175,-123.73753014951312,74.15671137045709,3080.0,110.0,56,6,65220,48.364971,-123.738461
51.56090064519622,-121.29635140491825,47.0,756.0,110.0,2,0,43165,51.554886,-121.276443
48.615664383958645,-123.40493405054251,42.0,1640.0,110.0,12,2,29298,48.612455,-123.400213
48.79148238986338,-123.601814765274,7.528351501724026,4032.0,110.0,6,2,14198,48.802215,-123.605231
51.68853969628083,-121.30000637593443,46.0,756.0,110.0,42,6,106073,51.680441,-121.295113
49.116733214593594,-122.55584583937997,230.56453102192896,1332.0,110.0,12,0,57008,49.11733,-122.557931
49.25574104405839,-124.18878597467638,111.66380518249717,1122.0,110.0,42,0,85591,49.259902,-124.201436
52.21133550386915,-122.08808380191,13.55904100320875,30.0,110.0,56,6,72754,52.21679,-122.094452
49.11687407971453,-122.60381216732411,295.8807471962136,1332.0,110.0,12,0,58580,49.1121,-122.593673
50.145934907704635,-121.02847092606599,34.33320775452236,650.0,110.0,6,0,24562,50.15212,-121.027973
49.23349887091961,-115.22529975358981,88.82972877900279,702.0,132.0,6,0,51430,49.237501,-115.228112
54.62140058277409,-126.8613453231746,80.0,210.0,90.0,6,2,54037,54.618456,-126.800938
53.968338908611656,-122.68898325529383,186.56583628240068,30.0,110.0,2,6,70880,53.964816,-122.688483
56.39404830428611,-121.13293109341285,15.0,1980.0,110.0,30,2,19640,56.418012,-121.107674
52.96581060366799,-122.4564070077703,212.99270143312498,30.0,110.0,12,0,61149,52.965764,-122.455088
48.861222005548385,-123.48897478460484,7.368077709013679,272.0,110.0,42,6,81185,48.862913,-123.489222
52.86531863716597,-119.29992450277864,85.80981101545655,30.0,132.0,6,0,58877,52.86438,-119.302276
51.58666807394012,-119.81770699586937,148.07945242035115,650.0,132.0,2,0,39609,51.57642,-119.801733
49.141240486567995,-122.55525471732116,271.54672093532514,1332.0,110.0,12,0,52097,49.147681,-122.553492
49.930788549218406,-124.67511218216222,40.91649553940911,1332.0,110.0,6,0,20434,49.924567,-124.663294
48.572803548998486,-123.4850293322534,0.0,600.0,110.0,2,2,24763,48.575129,-123.486724
49.373393489326936,-124.57691545562928,232.67040020445177,1260.0,110.0,0,0,96631,49.3699,-124.57868
48.428364891467616,-124.06806592304166,17.0,2256.0,110.0,0,2,112516,48.438641,-124.062081
49.774295662821004,-124.98178278473293,86.47514737675853,240.0,110.0,6,0,67555,49.771342,-124.973666
49.149888931365425,-123.70524714318125,3.0,1056.0,110.0,12,2,36300,49.154846,-123.706903
48.83427610658381,-123.30711567831936,6.7664800613075196,272.0,110.0,12,2,34151,48.83669,-123.31116
54.38059767426249,-126.67717434319428,96.06201065406047,210.0,90.0,20,0,37505,54.384449,-126.682896
49.17623047993172,-123.81581738004557,10.0,1056.0,110.0,12,2,32116,49.17945,-123.823337
49.16990944426007,-123.84667812360452,13.0,1056.0,110.0,42,6,64375,49.166866,-123.850523
49.0211122091935,-118.21028388977919,113.0,2970.0,132.0,6,2,62282,49.018133,-118.210145
55.84750089157921,-120.31920107044186,91.17498360436956,1980.0,110.0,30,0,33372,55.847303,-120.319705
49.05564195235825,-118.94576782042851,46.0,2970.0,132.0,6,2,51995,49.059787,-118.949147
52.99359793108299,-122.92758227310988,55.9630695539542,30.0,110.0,56,6,90539,52.992129,-122.933227
48.87104617297483,-123.66063106352013,30.0,72.0,110.0,12,6,63142,48.866511,-123.665389
49.19212923601193,-123.86011382640345,3.0,1056.0,110.0,12,0,41581,49.190044,-123.86798
49.01933783392789,-122.56165070307813,139.160408396335,1332.0,110.0,2,0,60361,49.019927,-122.55822
48.85535956545708,-123.46610414173576,7.0,272.0,110.0,12,2,33634,48.857838,-123.467769
54.043369606163566,-122.80203931387092,135.27127493860675,30.0,110.0,0,6,92713,54.04795,-122.79989
49.774295662821004,-124.98178278473293,128.87851136564623,240.0,110.0,6,0,54732,49.774266,-124.979397
48.72681291550288,-123.60581988508056,305.75056648367536,272.0,110.0,2,0,23139,48.724341,-123.600937
50.56870325226477,-119.15184656526579,34.81820893254225,650.0,132.0,6,0,16492,50.574683,-119.149226
50.66413719801379,-117.84186108003121,143.17362128730284,702.0,132.0,0,0,98661,50.663344,-117.844718
49.18514569398578,-122.73872553405653,290.7036557826805,1332.0,110.0,12,0,52768,49.187836,-122.737947
49.534863554058724,-124.7689779741334,10.0,1056.0,110.0,12,2,47406,49.53477,-124.77762
48.82510697335695,-123.48439919398022,9.0,272.0,110.0,12,2,22768,48.819824,-123.482482
52.10280997220392,-122.14037983136127,10.0,30.0,110.0,12,2,33200,52.101217,-122.133601
49.495707102640395,-115.74605537215855,72.31409690386572,702.0,132.0,42,6,77850,49.491103,-115.752938
52.15192428157397,-122.06943219096499,17.0,30.0,110.0,0,6,93838,52.144383,-122.06985
48.811575078679255,-123.31849251647972,21.0,272.0,110.0,12,2,38076,48.813671,-123.316189
49.057406303640974,-122.75671732863984,325.5704535348676,1332.0,110.0,12,0,32515,49.056739,-122.751517
54.52306015464559,-128.52754277193995,70.46753738551904,210.0,90.0,20,0,35416,54.527686,-128.530931
51.50848051905655,-120.92696960361114,54.50691727429541,756.0,110.0,2,0,56520,51.505565,-120.938471
56.47715123955328,-120.97654042665116,105.28139754412115,1980.0,110.0,2,0,36490,56.53469,-121.040531
49.17908760360394,-122.47460110158734,16.88838095839586,1332.0,110.0,12,0,14269,49.173834,-122.471103
48.678359032954646,-123.70527863531989,9.0,552.0,110.0,56,2,84011,48.677933,-123.700721
49.507550267684664,-124.6428429325369,8.0,1056.0,110.0,12,2,68266,49.507417,-124.638232
48.69538993515262,-123.64314727312932,26.0,2862.0,110.0,12,6,68652,48.703777,-123.645626
48.78356015467922,-123.70311467716888,28.882379763660907,2070.0,110.0,2,0,27433,48.78394,-123.69833
49.49001397942694,-115.76451093816554,150.0,702.0,132.0,42,6,89865,49.491964,-115.75855
55.013069798277776,-123.0300330455513,58.20689928672263,30.0,110.0,0,6,93770,55.062357,-123.032551
48.63684629063431,-123.46892027498399,2.0,1640.0,110.0,42,6,89456,48.64021,-123.460052
48.85535956545708,-123.46610414173576,8.0,272.0,110.0,12,2,30043,48.858512,-123.461354
56.64097921604026,-121.64903528671971,52.196622323527805,1980.0,110.0,56,6,104392,56.776307,-121.527701
52.95683030925738,-122.44793561032292,164.8897815877102,30.0,110.0,12,0,39856,52.962195,-122.449163
51.9781401252144,-122.64721469845607,37.99924857574289,756.0,110.0,2,0,53584,51.980016,-122.645142
57.38720060861911,-122.84447161146944,17.891795631436583,1980.0,110.0,42,6,63423,57.724219,-122.957994
52.16811894702762,-122.1429601343333,67.0,30.0,110.0,12,2,36288,52.167795,-122.142192
49.85225463645197,-119.59697091262875,19.0,1722.0,132.0,0,2,54500,49.84789,-119.60316
49.22765007298829,-119.54619963811487,19.696941719297588,2970.0,132.0,42,0,89029,49.228909,-119.540779
54.364973524238245,-124.27542278704209,255.85627610024272,210.0,110.0,20,0,74541,54.365329,-124.272691
55.11380809458361,-120.97354141358042,85.0,1980.0,110.0,6,2,50041,55.115574,-120.976119
50.84877895084013,-120.09311981575301,20.0,650.0,110.0,6,2,38445,50.84927,-120.091728
49.049476073797386,-122.51492781301829,213.01682291790704,1332.0,110.0,12,0,49913,49.046355,-122.517369
55.868164010198164,-120.78819638705166,140.0,1980.0,110.0,30,2,39090,55.869604,-120.789503
53.942446596659835,-122.81083042456672,91.88485091322252,30.0,110.0,12,0,26209,53.940524,-122.810612
49.040468351957145,-116.16485418685949,62.1736476724553,702.0,132.0,6,0,42987,49.051973,-116.162716
56.93469050227271,-121.05549466033423,31.0,1980.0,110.0,42,2,102741,56.971004,-121.095889
52.2745340396604,-121.90844420893924,35.77735293804485,30.0,110.0,42,6,77032,52.270359,-121.908627
49.48120371744444,-119.53844456297504,30.0,2970.0,132.0,0,2,48733,49.47738,-119.54105
49.373393489326936,-124.57691545562928,269.17328697107854,1260.0,110.0,0,6,103877,49.36933,-124.56686
52.97135690104855,-122.44542819512897,245.1151857709071,30.0,110.0,12,0,42289,52.972293,-122.441961
49.26764466131237,-124.34163379333853,28.70548634225092,1122.0,110.0,12,0,36394,49.271448,-124.332234
49.07639357273885,-122.38422435310272,349.7896514825432,1332.0,110.0,2,0,53080,49.073994,-122.387654
49.51663384628142,-124.78693043502533,6.0,1056.0,110.0,0,2,102171,49.51763,-124.781023
48.86693987752075,-123.51455517167648,50.09786782813858,272.0,110.0,12,0,21726,48.866905,-123.518428
49.17623047993172,-123.81581738004557,22.0,1056.0,110.0,42,6,72998,49.172476,-123.817459
50.294739715333954,-119.23758105794785,244.0,1722.0,132.0,6,0,20932,50.296849,-119.242581
50.041780695694165,-124.98471852753497,106.96908209437638,2652.0,110.0,72,0,85533,50.044896,-124.980786
49.38885111174316,-124.59916313897885,75.0,1260.0,110.0,2,2,27828,49.389898,-124.597223
50.465514069014105,-119.74168274830316,44.43376332579628,650.0,132.0,2,0,766,50.464476,-119.74401
52.91560726832253,-122.4355956379716,256.17104297678213,30.0,110.0,12,0,44035,52.919852,-122.429755
49.02357871565437,-119.41404468272314,386.0,2756.0,132.0,56,6,84788,49.033951,-119.427139
49.05057636367852,-123.80036946179386,3.0,1892.0,110.0,12,2,15640,49.053752,-123.814977
48.62668896381897,-123.64589129834557,14.0,870.0,110.0,12,2,50683,48.628293,-123.646576
50.541620223012536,-119.14091555796897,354.5490329979902,650.0,132.0,56,6,71865,50.529308,-119.143282
49.247905412151965,-124.1064395853617,10.0,1122.0,110.0,12,2,27536,49.248261,-124.103196
50.6617438813169,-119.21949449526092,78.0,650.0,132.0,6,0,25208,50.653465,-119.213119
49.32475166527192,-118.8793422447363,23.165330562796612,2970.0,132.0,0,6,115564,49.32446,-118.87565
49.88746731599498,-119.41291857934206,156.82736578297008,1722.0,132.0,20,0,17193,49.890727,-119.411989
51.36659535685219,-121.2713692189796,33.0,756.0,110.0,0,6,116639,51.3653,-121.27434
49.183956691357075,-117.39344561233564,25.0,702.0,132.0,42,6,88328,49.180476,-117.390036
48.785812971079515,-123.7951649956368,40.241644529288195,2550.0,110.0,56,0,96507,48.78069,-123.791952
49.703723120557,-124.86710207060916,257.1627089933804,240.0,110.0,6,0,12130,49.69164,-124.870918
49.58881917198043,-119.73535234559644,106.13277086981492,1722.0,132.0,6,0,61398,49.589622,-119.732718
49.24312416203482,-121.83520252676962,56.53612308552861,3540.0,110.0,20,6,78046,49.23922,-121.837134
50.661422326968264,-128.02013422229905,2.211223241858262,2450.0,90.0,6,0,22531,50.660883,-128.027635
49.88841736703973,-119.53411453939127,25.0,1722.0,132.0,6,0,30116,49.900146,-119.54486
49.22036908013114,-119.55211899838812,20.394380966944073,2970.0,132.0,12,0,33792,49.225524,-119.551471
54.04260006125776,-124.06701417639336,234.3189201322692,210.0,110.0,56,0,54049,54.042346,-124.072252
50.515422584633086,-116.02645118780295,49.16395265426547,702.0,132.0,42,6,100162,50.517391,-116.028301
49.78585631847424,-115.72993367489924,71.8445590074918,702.0,132.0,6,0,30185,49.753643,-115.722686
48.63684629063431,-123.46892027498399,45.0,1640.0,110.0,2,2,30204,48.632594,-123.461353
48.73044698689747,-123.64085795552685,264.2982615603144,272.0,110.0,2,0,24549,48.736167,-123.638438
49.45493661665187,-120.35995849579209,73.81232965034246,2970.0,110.0,6,0,36156,49.455692,-120.355848
49.517607201246115,-117.62708579144189,191.9025830531054,702.0,132.0,6,0,4440,49.513804,-117.624808
49.00874306617887,-122.68644376814778,202.43148506696875,1332.0,110.0,42,6,100757,49.019775,-122.677966
49.78718346548251,-115.74424844563421,68.808328629546,702.0,132.0,42,0,111283,49.789961,-115.742197
52.803665184979636,-119.22677880362299,86.11916841086394,30.0,132.0,6,0,54817,52.799424,-119.225066
53.07079331482976,-122.38383570073557,142.0,30.0,110.0,20,2,48937,53.075566,-122.389263
50.761151397948304,-120.98598752831386,315.1540239024262,650.0,110.0,42,6,80476,50.759632,-120.980536
52.110886343673236,-122.16075399384302,120.56621680385555,30.0,110.0,42,6,76053,52.111732,-122.161654
49.85736866788493,-119.61415766912832,30.202923947020718,1722.0,132.0,20,0,56125,49.853924,-119.616424
49.202632823188566,-122.4682022263914,96.97866669201605,1332.0,110.0,20,0,11612,49.204662,-122.477254
51.47687789553001,-120.72638652661506,41.20705340175888,756.0,110.0,42,6,79741,51.480367,-120.725944
50.80510611678292,-119.34163201864058,68.627280099723,650.0,132.0,6,0,55325,50.801171,-119.353065
49.07975342434344,-123.79037971163734,10.0,56.0,110.0,2,2,49310,49.07869,-123.793981
50.561674346012786,-127.01053186933763,335.70418842831276,2450.0,90.0,2,6,106363,50.5643,-126.998
48.92273740668834,-123.56262047235894,6.0,272.0,110.0,12,2,48933,48.918318,-123.556606
49.20636716503299,-122.40345103301968,80.0,1332.0,110.0,2,2,52844,49.208016,-122.402806
49.533112202687605,-124.62469372112423,6.0,1056.0,110.0,12,2,47063,49.535946,-124.627037
49.34026744193442,-124.40586904848631,301.6048264188566,1122.0,110.0,2,0,39776,49.345733,-124.406603
49.17623047993172,-123.81581738004557,11.0,1056.0,110.0,0,6,88094,49.171994,-123.820648
49.083167144895306,-119.54309459003407,19.123508359077004,2970.0,132.0,12,0,57761,49.085397,-119.546758
50.164875481993434,-120.87446350068792,255.74617337610255,650.0,110.0,6,0,59129,50.16562,-120.873971
49.03485403431566,-122.67363980763488,203.0354625528962,1332.0,110.0,12,0,8813,49.029385,-122.669573
49.673151672856015,-124.90399308076907,146.07420923725695,240.0,110.0,6,0,12123,49.676085,-124.901427
54.294830250674075,-125.82795631336202,230.91279140920378,210.0,110.0,20,0,15319,54.289724,-125.828818
52.9570119565516,-122.4299905234636,66.94100633325972,30.0,110.0,12,0,6170,52.953615,-122.431187
49.08228060033511,-116.61108215679852,23.015760369130284,702.0,132.0,42,6,66931,49.084132,-116.611664
54.014671882559895,-122.8365827305922,157.94239433498382,30.0,110.0,20,0,45084,54.017959,-122.830696
49.133449798169124,-117.26336312484382,27.586584776502594,702.0,132.0,0,0,112348,49.13433,-117.25944
48.89321648883271,-123.34173209172393,15.0,272.0,110.0,12,2,22770,48.888537,-123.334613
49.18857119472565,-121.82558130477713,76.68168268892248,1332.0,110.0,6,0,40788,49.19036,-121.829496
48.7427222819762,-123.67366237869544,132.02641596170528,272.0,110.0,2,0,55402,48.74469,-123.666391
49.17454641873422,-122.66554183087683,185.15033976593253,1332.0,110.0,12,0,75174,49.167854,-122.663906
49.41843281618395,-115.31249304244076,119.48556468160851,702.0,132.0,6,0,37798,49.415632,-115.317023
49.174236631778335,-123.79187052753154,15.36549268221018,1056.0,110.0,42,6,98826,49.180531,-123.802676
49.70828186263232,-123.97152978317915,7.133749301026305,1406.0,110.0,42,6,72221,49.710705,-123.972264
48.99793420908218,-123.58398018349422,14.0,272.0,110.0,12,2,59390,49.002012,-123.586182
52.21133550386915,-122.08808380191,39.99023277289926,30.0,110.0,42,6,99932,52.209958,-122.085385
49.04058129807105,-123.85344536303026,3.0,1892.0,110.0,12,2,21568,49.048814,-123.854666
50.31518512080651,-119.24471547903624,45.06029883641353,1722.0,132.0,6,0,9096,50.313952,-119.243765
50.171299832970995,-119.41285010900917,5.0,1722.0,132.0,42,2,90657,50.171721,-119.41044
49.64661674504543,-124.98305638400413,7.910326064237179,1190.0,110.0,20,2,12514,49.649086,-124.985716
49.09142153764249,-115.12125968948537,49.380695124685346,702.0,132.0,42,0,90239,49.105096,-115.135454
48.7783373679548,-123.80145378967914,33.0,2550.0,110.0,0,6,109863,48.785688,-123.805481
50.730196536293825,-120.03627638541676,45.0,650.0,110.0,6,2,54767,50.72719,-120.035794
48.608107134918846,-123.47234815346587,6.4244517317178715,1640.0,110.0,56,6,70086,48.615322,-123.470137
52.95683030925738,-122.44793561032292,120.63583710736405,30.0,110.0,12,0,75156,52.954126,-122.442269
48.674131305492644,-123.59479655267181,61.68607548932766,2862.0,110.0,12,0,68713,48.672859,-123.593465
49.262403647554,-119.82674132299417,48.16705280898127,2970.0,132.0,2,6,83138,49.263885,-119.826161
49.11737384941117,-123.85524221981409,8.895426230607589,56.0,110.0,42,2,96916,49.123456,-123.857497
53.021457993183816,-122.47554229087592,56.572576745880426,30.0,110.0,12,0,33855,53.020145,-122.475766
48.347534079165825,-123.6378760318932,15.0,3080.0,110.0,42,6,89546,48.355378,-123.641401
49.06532661027234,-123.87695605021788,51.0,342.0,110.0,6,0,3137,49.059785,-123.875469
49.14480388733508,-119.57334152749972,260.6327735852882,2970.0,132.0,12,0,54638,49.14409,-119.565112
53.911917063492936,-122.56375081555383,255.0,30.0,110.0,20,6,74478,53.909738,-122.564629
48.63684629063431,-123.46892027498399,15.0,1640.0,110.0,12,2,2665,48.627851,-123.477378
50.24145564001437,-119.34263830144658,165.14708047263787,1722.0,132.0,6,0,14221,50.242063,-119.343197
50.13407640581411,-114.88914249035618,100.89894000091668,702.0,132.0,0,6,113594,50.11613,-114.87259
49.19671924997836,-121.7993320429208,33.985043605725636,1482.0,110.0,0,6,113517,49.2017,-121.796
49.01156213313736,-122.35952552370354,273.49255691843547,1332.0,110.0,12,0,15983,49.015201,-122.359793
49.17724607691665,-122.42893461655825,30.740481137833495,1332.0,110.0,12,0,14702,49.184137,-122.424789
50.71481007935338,-120.64077547056907,48.61920102359393,650.0,110.0,56,0,99261,50.715701,-120.643965
49.057406303640974,-122.75671732863984,327.0569875960864,1332.0,110.0,12,0,33130,49.057363,-122.75276
49.11372164180296,-122.49617610860365,88.48136996619697,1332.0,110.0,12,0,47220,49.115324,-122.488224
50.907228637444966,-121.40382636122503,97.68758843676656,756.0,110.0,42,6,80442,50.915712,-121.41048
49.53119811708301,-119.54303030250045,18.0,2970.0,132.0,12,2,31985,49.536816,-119.537584
49.770481176373,-115.75427769943482,95.88479686484074,702.0,132.0,56,6,89885,49.771137,-115.738198
49.14979687234314,-123.81653291688788,12.0,1056.0,110.0,42,6,73172,49.144944,-123.814428
49.013892932233965,-122.42775290327994,391.7101755600678,1332.0,110.0,2,0,47108,49.016246,-122.43422
49.44450321505804,-115.50698848156597,14.288980045771734,702.0,132.0,0,6,103527,49.447674,-115.506915
48.67963682388526,-123.54820226315846,168.92391576680058,2862.0,110.0,0,0,57433,48.67791,-123.5499
49.477420972508945,-117.4157985539422,21.0,702.0,132.0,6,2,66284,49.473143,-117.418084
49.04782591178223,-123.8320145487728,10.0,1892.0,110.0,2,2,44216,49.047337,-123.828926
49.86627306732834,-119.5915177732631,8.0,1722.0,132.0,0,2,52850,49.866,-119.60007
54.57660363461808,-128.65289806922482,114.92648184839327,210.0,90.0,42,6,89878,54.578753,-128.651174
54.061368611325484,-124.55115802168108,85.5958496836007,210.0,110.0,2,6,93666,54.0644,-124.5468
49.27159201415122,-124.17888201508072,148.33344404887694,1122.0,110.0,42,6,86868,49.270515,-124.177156
52.95683030925738,-122.44793561032292,144.76155465275403,30.0,110.0,12,0,61198,52.95826,-122.449823
49.88328118251408,-119.39790241043212,203.28423908019786,1722.0,132.0,6,0,38206,49.889662,-119.388697
49.10080771007793,-122.77530608127202,473.4750356854051,1332.0,110.0,12,0,11148,49.104067,-122.770092
50.595606543826264,-116.0584544438574,292.8769041442739,702.0,132.0,0,0,90252,50.59541,-116.07312
48.64900550125322,-123.58481514969768,20.0,2862.0,110.0,2,2,39273,48.660696,-123.579362
49.15549508117344,-122.52841692350769,54.85227017962264,1332.0,110.0,12,0,50739,49.146694,-122.52247
52.408278077137105,-122.28102073287495,53.44698412326268,30.0,110.0,6,0,25550,52.407568,-122.283762
48.529285426721366,-123.51282195534975,8.0,600.0,110.0,0,2,89030,48.529449,-123.520853
48.38177281497896,-123.80794393764315,94.0,1806.0,110.0,0,2,103441,48.379135,-123.80769
48.40690387407873,-123.9937684333708,27.58551097092644,2256.0,110.0,42,6,79518,48.396043,-123.980825
48.692352406998744,-123.59123959097457,92.19733031284092,2862.0,110.0,6,0,1324,48.693546,-123.594252
54.75281686553816,-127.1504560278681,110.0,210.0,90.0,20,0,52706,54.752458,-127.138102
50.65010311946846,-119.8338671282104,18.0,650.0,132.0,2,2,43310,50.650569,-119.837797
48.66371155816413,-123.6313257669813,12.0,2862.0,110.0,12,2,63027,48.671625,-123.624338
49.53267645614464,-115.47971050355457,166.80918657818066,702.0,132.0,56,0,87984,49.531264,-115.478347
48.785812971079515,-123.7951649956368,60.53424701936383,2550.0,110.0,2,6,106065,48.78911,-123.784079
51.47687789553001,-120.72638652661506,114.0,756.0,110.0,2,2,54868,51.472372,-120.730619
48.523274783299456,-123.56829859694545,15.0,870.0,110.0,0,6,89120,48.519218,-123.570624
49.33012455110311,-121.75123237184275,3.0,3540.0,110.0,20,2,54939,49.332028,-121.752723
52.96581060366799,-122.4564070077703,224.3498605819998,30.0,110.0,12,0,57229,52.968573,-122.455961
48.599778036225295,-123.62709933832652,21.0,930.0,110.0,56,6,84847,48.601048,-123.634387
51.263331697917124,-119.84777192569553,185.68160140498404,650.0,132.0,2,6,73876,51.252717,-119.860788
48.68549330757791,-123.57273822058262,124.0,2862.0,110.0,0,6,113956,48.680077,-123.56608
49.1360327232795,-116.43161478950826,300.0,702.0,132.0,42,2,89821,49.138371,-116.430706
49.06727993759761,-122.45169656657154,563.8414172547051,1332.0,110.0,12,0,33325,49.066304,-122.455995
48.74726037778915,-123.25636652642962,2.0,272.0,110.0,2,2,46227,48.750127,-123.252967
49.04796933724316,-118.44400857150703,53.0,2970.0,132.0,72,2,76552,49.051792,-118.441417
52.96581060366799,-122.4564070077703,268.5331749558609,30.0,110.0,12,0,61242,52.970388,-122.463756
50.759126318322906,-120.96432170384179,208.0,650.0,110.0,42,6,90189,50.767478,-120.966229
48.868292534038076,-123.49826784032419,4.664340957114472,272.0,110.0,42,6,79940,48.871484,-123.491788
49.1346461270612,-122.52104697922634,22.16365539546722,1332.0,110.0,12,0,30084,49.137197,-122.520889
53.911917063492936,-122.56375081555383,146.37016675625785,30.0,110.0,6,0,48244,53.892149,-122.550189
49.08573164058643,-122.69296693214329,172.12184162037676,1332.0,110.0,12,0,38515,49.070887,-122.690848
49.05046836117179,-123.88132719503785,68.0,12.0,110.0,2,0,40048,49.052844,-123.88334
50.8806300849515,-119.42557010772364,12.0,650.0,132.0,30,2,49141,50.876511,-119.426219
52.08341333362867,-122.10460157310088,102.0,30.0,110.0,12,2,32228,52.087421,-122.106633
51.542957620279964,-121.02263615715033,43.0,756.0,110.0,2,2,48655,51.536304,-121.032745
48.48996285132161,-123.42710670434141,3.0,3906.0,110.0,0,6,115634,48.483991,-123.42919
49.1157804290221,-123.82324204680883,103.72815013568363,240.0,110.0,42,6,65664,49.116183,-123.823619
51.44288859251394,-121.10118559810961,32.0,756.0,110.0,6,2,48931,51.441615,-121.099673
49.83124626116683,-125.05820713169669,12.777208196650976,240.0,110.0,42,6,66976,49.830689,-125.058656
48.48034422133439,-123.51832846201773,6.322384140249104,600.0,110.0,42,6,83029,48.481104,-123.522563
50.39029770740695,-119.83118654688948,94.59761737712925,650.0,132.0,6,0,3071,50.373095,-119.858121
50.87504184280127,-121.40045945212673,85.67604436105296,650.0,110.0,6,0,45022,50.867282,-121.401213
50.96305474851126,-119.2137844896641,56.0657644282698,650.0,132.0,56,0,99190,50.963352,-119.212976
48.87865375647656,-123.32001491928358,12.224227228500842,272.0,110.0,0,2,62702,48.88522,-123.32522
49.0418951860239,-123.77463261855976,0.0,1892.0,110.0,6,2,20015,49.040747,-123.77942
48.799270167319314,-123.17609944040026,17.945015620490302,272.0,110.0,0,6,64877,48.80322,-123.17539
54.28602145769237,-128.6181569846857,61.61853495625627,210.0,90.0,6,0,59838,54.288005,-128.618748
49.05046836117179,-123.88132719503785,42.0,12.0,110.0,56,6,67366,49.055724,-123.891371
52.39259553518344,-121.85662988945339,81.04982710209352,30.0,110.0,42,6,76001,52.394279,-121.846904
48.37382736745778,-123.56199371676783,12.0,930.0,110.0,2,0,55143,48.370878,-123.569923
48.88341760858987,-123.71881513262286,181.0,72.0,110.0,42,6,88208,48.884579,-123.715689
49.10512372411723,-122.47373099589514,296.09161631728546,1332.0,110.0,12,0,37722,49.10191,-122.47036
49.11847380773195,-122.27155703772505,79.49661684702367,1332.0,110.0,12,0,20926,49.102497,-122.270866
50.04739530542577,-119.40268368239987,55.82883424592623,1722.0,132.0,12,0,26377,50.047706,-119.404205
50.44655685255406,-119.1737075014833,82.2961606753801,650.0,132.0,12,0,62415,50.448231,-119.170959
49.48468262587144,-115.84587744519078,140.0,702.0,132.0,6,2,54865,49.485623,-115.847283
49.16094197762657,-122.02497336008697,10.0,1332.0,110.0,6,2,39310,49.161492,-122.021717
51.637193131438366,-120.09029404468507,73.00894641579502,650.0,110.0,2,0,59712,51.634372,-120.099593
48.67316071033189,-123.61104863293666,15.0,2862.0,110.0,2,2,74997,48.668937,-123.612339
49.19326231985667,-123.83748557973156,9.100530381974611,1056.0,110.0,42,6,88926,49.191573,-123.841216
53.837349577235216,-122.93998858698842,312.9737154730405,30.0,110.0,20,0,49809,53.84745,-122.956725
52.37800310061595,-121.90364436058681,63.52734129575289,30.0,110.0,42,6,76888,52.377265,-121.904231
54.7953935207681,-127.1858339080104,214.64016338544005,210.0,90.0,20,0,46857,54.791937,-127.178551
49.662371564102145,-124.03765139285925,5.9483103109433895,1406.0,110.0,2,2,69747,49.66121,-124.039175
51.10063842706871,-121.26615379563484,156.0,756.0,110.0,2,2,62106,51.098456,-121.271849
49.9005895017825,-119.40496017749868,136.0965494660447,1722.0,132.0,6,0,17190,49.901625,-119.393981
52.99486488079226,-122.48040611248227,174.5163384360084,30.0,110.0,12,0,23828,52.991285,-122.47698
49.47998905096713,-117.40583917772412,14.154783301942615,702.0,132.0,56,6,87837,49.480892,-117.401542
49.17930463693872,-119.6022744420238,20.0,2970.0,132.0,12,2,34382,49.180564,-119.600826
51.605530101178154,-121.17775360036711,31.0,756.0,110.0,2,2,46771,51.603212,-121.173022
50.501167718158904,-119.55801320484699,184.45032414566572,650.0,132.0,6,0,61050,50.498819,-119.576867
49.27332963459782,-124.25002422598777,200.86243926617541,1122.0,110.0,42,6,70108,49.277141,-124.248656
49.75191859887484,-125.1036373871778,17.98119479943977,240.0,110.0,6,0,12521,49.754402,-125.09859
50.28510864301737,-119.25996682921641,116.85513515284688,1722.0,132.0,6,0,16511,50.283248,-119.265371
48.944849624354234,-123.76576793398003,33.0,1892.0,110.0,6,0,27233,48.948002,-123.772457
54.37297823407505,-128.53968123558374,76.95752821270833,210.0,90.0,42,0,99530,54.368838,-128.536483
49.16764405923336,-122.23808846563361,34.64140943961179,1332.0,110.0,30,0,9867,49.164945,-122.236218
56.27228100668934,-120.87213865180497,35.0,1980.0,110.0,2,6,102678,56.273654,-120.868701
49.06509165083613,-123.78648849285814,4.534299997162442,56.0,110.0,0,6,87264,49.061338,-123.787367
49.72093165891892,-125.01152211057199,106.71874377552537,240.0,110.0,0,6,107380,49.725112,-125.010421
50.04739530542577,-119.40268368239987,49.36966071628874,1722.0,132.0,12,0,52370,50.057627,-119.409899
52.95683030925738,-122.44793561032292,185.94313788224815,30.0,110.0,12,0,44336,52.963785,-122.444989
49.131169703560076,-122.5854700188977,318.1698020854344,1332.0,110.0,12,0,42813,49.134171,-122.585185
56.39404830428611,-121.13293109341285,85.0,1980.0,110.0,42,2,102465,56.397513,-121.134844
49.12265996315339,-122.67519694457822,164.81499058334458,1332.0,110.0,12,0,19874,49.123231,-122.677475
50.95327584401004,-119.28565803077909,35.07155944046675,650.0,132.0,6,0,45211,50.949974,-119.293769
48.68549330757791,-123.57273822058262,204.37649274226058,2652.0,110.0,42,6,84106,48.687257,-123.57131
50.34971398905996,-116.93402074233042,85.0,702.0,132.0,6,2,48599,50.350697,-116.93568
52.24032462092096,-121.78165799654543,81.24222732761501,30.0,110.0,6,0,38847,52.236678,-121.780801
52.25799663421666,-121.78230055791498,22.64934771557658,30.0,110.0,6,0,60960,52.262228,-121.781448
49.20528786992034,-122.44049892954948,102.35918503836297,1332.0,110.0,12,0,9611,49.198475,-122.435521
48.74498537524226,-123.45484900990523,6.289090196721552,272.0,110.0,56,6,80867,48.74287,-123.458648
48.63684629063431,-123.46892027498399,5.0,1640.0,110.0,2,2,33498,48.642118,-123.468716
49.00874306617887,-122.68644376814778,211.23977866270215,1332.0,110.0,12,0,45297,49.009177,-122.684038
51.55706213986485,-121.21006973461638,18.0,756.0,110.0,2,2,41364,51.555389,-121.206849
49.48694560599751,-124.8003173448896,30.59868975101982,1260.0,110.0,12,0,12832,49.486711,-124.797396
49.839900946882395,-116.90195674774338,30.938000288219445,702.0,132.0,56,0,85968,49.792825,-116.851725
49.307050005660614,-124.31493045914195,85.0,1122.0,110.0,12,2,47471,49.301461,-124.325628
49.507550267684664,-124.6428429325369,10.0,1056.0,110.0,12,2,74316,49.508033,-124.640491
49.17908760360394,-122.47460110158734,27.0,1332.0,110.0,12,2,30197,49.175771,-122.475665
48.78616228040107,-123.66282416255561,14.837103813905152,272.0,110.0,6,0,4229,48.787709,-123.666497
49.02357871565437,-119.41404468272314,51.298383310643544,2970.0,132.0,12,0,19593,49.022541,-119.423369
49.74128115591941,-119.76545634184964,140.8675075895301,1722.0,132.0,6,0,17777,49.746191,-119.763111
52.88832207339009,-122.47529587349416,49.0,30.0,110.0,6,2,32268,52.884748,-122.474741
51.40040504417987,-117.00492995512006,45.0,702.0,132.0,42,2,90750,51.400585,-117.005319
49.03837871011188,-119.47146339619117,258.23239753513445,2970.0,132.0,12,0,18152,49.040218,-119.467185
51.61411880846606,-121.20281608421074,23.240985189277225,756.0,110.0,2,0,75304,51.611448,-121.199109
49.37103423596737,-121.46294098952606,40.57098186092182,3540.0,110.0,20,0,33411,49.375554,-121.464796
49.119774333295766,-122.28897256010261,62.51756136468189,1332.0,110.0,12,0,9306,49.12105,-122.288822
55.584565494919545,-120.06697309270598,177.26560886044027,1980.0,110.0,30,0,17925,55.510615,-120.030097
49.30373718463056,-119.7604340798643,122.4907308878234,2970.0,132.0,0,6,106898,49.302729,-119.773998
48.78915250768776,-123.52245041270427,14.0,272.0,110.0,56,2,97514,48.790855,-123.52614
49.09437679614498,-123.88249878199409,33.64065223853215,342.0,110.0,42,2,96679,49.093237,-123.877098
49.096960340577944,-123.73730276638513,9.566486454586578,1056.0,110.0,56,0,74384,49.099146,-123.74125
48.92273740668834,-123.56262047235894,2.0,272.0,110.0,12,2,52149,48.923311,-123.554696
49.133449798169124,-117.26336312484382,29.003704612625842,650.0,132.0,42,6,91556,49.134687,-117.263788
50.423981092011765,-121.31497390652198,39.31117060520688,650.0,110.0,42,6,72121,50.338871,-121.39412
48.66592271956096,-123.55949283140151,5.0,2862.0,110.0,0,6,68518,48.66692,-123.5622
52.19627222929765,-121.80165975441307,60.0,30.0,110.0,6,0,45125,52.201216,-121.802697
54.445095309810085,-126.75485746351283,147.7054274167668,210.0,90.0,20,0,56594,54.44304,-126.738184
50.879068197123935,-119.88855056183407,120.19366280316969,650.0,132.0,0,0,81554,50.883152,-119.887716
49.03162982565863,-122.62665484029867,194.80766567400616,1332.0,110.0,12,0,29527,49.033902,-122.633986
48.79148238986338,-123.601814765274,16.0,272.0,110.0,2,2,49428,48.781466,-123.595643
49.785576424102146,-119.72000695137719,208.0141665983858,1722.0,132.0,72,6,89783,49.784909,-119.720992
49.05046836117179,-123.88132719503785,63.0,12.0,110.0,56,0,67364,49.055753,-123.891016
49.37103423596737,-121.46294098952606,39.636426730126885,3540.0,110.0,20,0,26016,49.364083,-121.464658
52.55800678136844,-122.34389512654323,16.040232725149583,30.0,110.0,6,0,60780,52.557217,-122.346511
50.501167718158904,-119.55801320484699,215.78765277890577,650.0,132.0,6,0,29489,50.503859,-119.558425
50.95595223533234,-119.30854084489489,25.0,650.0,132.0,0,2,98143,50.953749,-119.306685
56.30732877198453,-120.42434801531084,118.25490836217281,1980.0,110.0,30,0,23189,56.306708,-120.4771
53.891520436904464,-123.61952252190177,179.20707357311326,30.0,110.0,42,0,104357,53.891844,-123.619273
49.15510775159876,-122.66426763476188,128.3829226702529,1332.0,110.0,12,0,4728,49.158978,-122.667601
49.3545706536172,-119.62919001128805,7.0,2970.0,132.0,20,2,46852,49.349283,-119.626763
49.38011845596384,-116.7275201870901,70.0,650.0,132.0,0,6,103758,49.305644,-116.667166
54.42438674232227,-124.31751962881037,273.5111364784007,210.0,110.0,42,0,60222,54.423411,-124.334172
50.80509438245569,-119.53227526507523,83.59938123029994,650.0,132.0,6,0,54446,50.800206,-119.529761
48.55086271351011,-123.43804253134076,26.123023337030073,3906.0,110.0,2,0,4578,48.548651,-123.440346
49.13306167521312,-122.29297482503848,34.11688051102119,1332.0,110.0,56,6,72154,49.13048,-122.299503
49.33893357089321,-124.97959622611722,52.006748099349295,2.0,110.0,6,0,25997,49.337169,-124.982081
50.59742209512243,-120.31563938945378,10.0,650.0,110.0,6,2,51160,50.594496,-120.323357
49.04782591178223,-123.8320145487728,9.0,1892.0,110.0,2,2,33980,49.049745,-123.828118
50.465514069014105,-119.74168274830316,54.222897714507,650.0,132.0,12,0,2351,50.468121,-119.735131
49.1632409358971,-122.40185728571218,99.65629991712952,1332.0,110.0,12,0,16127,49.169181,-122.407622
49.062512148325276,-122.57651853948667,184.78552551734913,1332.0,110.0,56,0,65746,49.061328,-122.571103
48.805777866668784,-123.19364159590114,16.803873892934412,272.0,110.0,12,0,46929,48.804471,-123.197893
49.1561004167313,-122.34766997608587,40.38653447266286,1332.0,110.0,2,6,100322,49.161583,-122.344863
48.54285977767388,-123.41556178362042,92.0,3906.0,110.0,2,2,24891,48.53059,-123.409984
48.81633258151755,-123.49488881062403,20.155432551318338,272.0,110.0,42,2,97596,48.808789,-123.500668
54.41929609970097,-124.35940865527799,273.0025834490043,210.0,110.0,42,6,92006,54.417789,-124.359512
49.55630387654266,-124.78876496527988,75.13267954468193,1056.0,110.0,0,6,85918,49.554589,-124.789972
49.15240090130544,-122.67353058630286,137.1006668478417,1332.0,110.0,12,0,58061,49.156271,-122.677549
49.914758353844036,-115.75530465378688,47.93233959783437,702.0,132.0,6,0,36274,49.914483,-115.75048
48.368798674569646,-123.83121003981044,31.088347332410606,1806.0,110.0,2,0,31580,48.364836,-123.830834
49.29957106059351,-124.22486862969163,56.0,1122.0,110.0,12,0,27258,49.29665,-124.225313
50.90936042524576,-119.45745910887071,43.76422314904956,650.0,132.0,42,6,83113,50.9069,-119.4486
56.9038134612731,-120.98635506364465,23.45315389784575,1980.0,110.0,56,0,62243,56.859857,-121.01429
50.34158950621288,-115.86596488483049,377.0035187763924,702.0,132.0,42,6,99756,50.340643,-115.867768
50.460530728338014,-119.77369498822084,114.2041096185109,650.0,132.0,2,6,115516,50.463011,-119.763589
49.1692542257103,-122.30004897794456,72.02805218242447,1332.0,110.0,30,0,9552,49.168663,-122.306468
52.110886343673236,-122.16075399384302,58.0,30.0,110.0,12,2,22423,52.111674,-122.150995
49.0489750495066,-122.60390823953172,209.81814174041872,1332.0,110.0,12,0,5702,49.051916,-122.597722
49.17908760360394,-122.47460110158734,6.0,1332.0,110.0,12,2,39650,49.183727,-122.486572
49.364267581899405,-124.51955094064698,91.71606213332035,1260.0,110.0,0,0,2877,49.36504,-124.51821
48.68006604753752,-123.4064272765786,35.0,1640.0,110.0,2,0,39224,48.681976,-123.413425
49.17904630386084,-123.91967898333301,0.6205396147807294,1056.0,110.0,56,6,74394,49.177124,-123.91719
49.25155567509764,-124.08384512456315,54.64607662581606,1122.0,110.0,6,0,19384,49.254674,-124.085226
49.51633027629218,-124.70306036477861,20.863669013719125,1056.0,110.0,12,0,74345,49.515004,-124.705147
49.36495652179323,-119.68349628144121,115.0,2970.0,132.0,20,2,41650,49.365712,-119.681927
49.0730318159831,-121.95983298052167,55.85539050666591,1332.0,110.0,72,0,47039,49.072977,-121.962252
49.208519706359766,-119.80346237457567,10.925963437346992,2970.0,132.0,6,0,14805,49.209278,-119.806443
49.1621412075142,-122.00730529738723,6.0,1332.0,110.0,6,2,29748,49.162154,-122.005545
49.53430247763102,-115.04418524737089,86.45945769364735,702.0,132.0,0,6,115921,49.532536,-115.045505
52.10902141053506,-122.09722360589872,204.28647065904102,30.0,110.0,12,0,25154,52.109413,-122.108968
49.18324019460274,-122.77873974965544,325.42736346276087,1332.0,110.0,12,0,11183,49.181007,-122.790222
49.450040709712724,-124.71142141907605,7.625495826625051,1260.0,110.0,6,0,38160,49.447852,-124.717359
50.50713830115293,-119.2571201500101,17.968062249285264,650.0,132.0,0,6,94122,50.50028,-119.26268
51.621752042943235,-120.89149216605152,68.33376416643118,756.0,110.0,42,6,79776,51.623784,-120.890249
48.67563575360787,-123.4749567444609,40.0,1640.0,110.0,2,2,15103,48.676687,-123.480475
49.056754697251975,-122.6723116184058,201.11517105832343,1332.0,110.0,12,0,33684,49.05314,-122.668499
48.89321648883271,-123.34173209172393,7.0,272.0,110.0,12,2,60768,48.886017,-123.331895
49.1316543166371,-123.72615583341512,6.113224943585141,1056.0,110.0,12,0,5346,49.129482,-123.730901
48.66592271956096,-123.55949283140151,5.0,2862.0,110.0,2,2,28231,48.671205,-123.568263
49.050327356019935,-122.47538174663171,394.5723801341585,1332.0,110.0,12,6,81638,49.045386,-122.468867
50.716605881484114,-120.45964891406547,35.24595955418511,650.0,110.0,2,0,48787,50.716639,-120.473241
48.9902274630075,-123.57603883479396,11.854460185745648,272.0,110.0,0,0,2096,48.98721,-123.57561
54.66225703567192,-126.88298520972512,193.93713215023365,210.0,90.0,20,0,4891,54.660426,-126.881099
50.13423472267538,-125.31232161853241,34.49282062665927,2652.0,110.0,2,6,74202,50.133103,-125.315047
50.13423472267538,-125.31232161853241,25.46483743272455,2652.0,110.0,2,6,73569,50.1328,-125.3136
58.84263222567607,-122.91348048741787,65.0,1980.0,110.0,2,2,45564,58.842502,-122.913037
56.29981980995517,-120.9983144910304,10.0,1980.0,110.0,42,2,102718,56.292774,-120.998245
49.1642011267366,-122.26777956970236,39.50023673682337,1332.0,110.0,30,0,9719,49.157832,-122.261495
50.6617438813169,-119.21949449526092,87.4562108721483,650.0,132.0,6,0,29081,50.660526,-119.221092
49.16653023938453,-122.58514257028334,312.1498851639013,1332.0,110.0,12,0,19034,49.16555,-122.593441
48.68006604753752,-123.4064272765786,46.0,1640.0,110.0,2,2,39225,48.681895,-123.41333
49.09437679614498,-123.88249878199409,7.9002856907052745,342.0,110.0,42,2,96896,49.101976,-123.880033
49.78014223984237,-119.55906797374243,7.0,1722.0,132.0,56,2,89023,49.777475,-119.571127
51.601523038884174,-119.9085271569197,42.71702289370342,650.0,132.0,2,0,56234,51.589371,-119.884124
49.44292915938986,-124.69002296288457,88.02850929981199,1260.0,110.0,0,0,18591,49.436602,-124.69462
53.8040657055041,-122.91011024496153,678.6258536665829,30.0,110.0,20,0,20222,53.798857,-122.904578
49.88784944840805,-125.13312734682987,48.24696856791724,240.0,110.0,6,0,6905,49.889631,-125.128091
49.05057636367852,-123.80036946179386,6.0,1892.0,110.0,2,2,41131,49.053485,-123.800314
49.66406588741384,-119.08770545980803,27.870038605987503,2970.0,132.0,42,6,76698,49.664004,-119.087296
49.376208876830994,-123.41048059148311,29.943912223604233,1332.0,110.0,6,0,25146,49.372777,-123.415511
48.76280952126656,-123.39713624546286,13.213131138898188,272.0,110.0,42,6,88764,48.758145,-123.390579
48.72862881661712,-123.66579355318288,6.0,272.0,110.0,2,2,8963,48.721587,-123.666493
49.091630122940245,-122.62210323383049,190.4534086490691,1332.0,110.0,6,0,37683,49.089959,-122.61381
49.21694607412857,-122.48144769666155,143.8551215926537,1332.0,110.0,20,0,11431,49.223239,-122.491808
51.38142590572427,-116.99443455822517,23.0,702.0,132.0,0,6,103850,51.383977,-116.998721
48.65879934216772,-123.44275413200576,75.0,1640.0,110.0,2,2,38389,48.657106,-123.441331
49.32490832091012,-120.04214817161788,43.72410943941395,2970.0,110.0,6,0,18649,49.328867,-120.045101
50.66808780570537,-119.77965019018609,65.0,650.0,132.0,2,2,57600,50.667573,-119.777594
51.61197630150336,-121.23299929872985,75.63729255830789,756.0,110.0,6,0,20351,51.615119,-121.238354
48.83222010350451,-123.52537683388056,28.406196227798972,272.0,110.0,42,6,69660,48.82341,-123.512339
49.158014974439425,-122.81672083740467,319.9364682477922,1332.0,110.0,12,0,2735,49.163451,-122.818128
49.03510786246676,-122.47334177189356,359.6307706224887,1332.0,110.0,12,0,46532,49.041186,-122.469035
51.552524308073494,-121.36863997787502,15.0,756.0,110.0,2,2,452,51.548579,-121.368673
53.02082916006593,-122.56988035606473,170.9598700539215,30.0,110.0,12,0,6119,53.021345,-122.561132
49.62041331616931,-116.97231198129133,14.0,702.0,132.0,42,6,89799,49.610249,-116.980788
49.00610710304208,-122.6430634766652,191.01900190412505,1332.0,110.0,12,0,26283,49.018625,-122.64188
53.88690360379593,-123.5065748219375,91.6540216721384,30.0,110.0,42,6,90505,53.876272,-123.505206
49.0309005228512,-122.73659114549154,315.68007661614075,1332.0,110.0,12,0,31534,49.032006,-122.745046
50.93238114784181,-119.6504038253908,61.50554445912656,650.0,132.0,42,6,83990,50.928849,-119.651522
49.08414261201664,-122.5847544218498,185.91884263650664,1332.0,110.0,12,0,28831,49.082388,-122.583521
50.41250457153257,-119.1958188042674,45.0,1722.0,132.0,6,2,62375,50.411123,-119.190924
48.60039910974202,-123.46647983200744,12.0,4160.0,110.0,42,2,90775,48.595064,-123.458475
49.19275494078734,-122.45191404896308,113.15279490113515,1332.0,110.0,12,0,9965,49.190938,-122.458349
50.473794277227526,-119.78038446235999,110.30941922733174,650.0,132.0,6,0,16906,50.47354,-119.78338
49.07975342434344,-123.79037971163734,5.940354932950067,56.0,110.0,6,0,3518,49.081825,-123.788102
48.86693987752075,-123.51455517167648,25.0,272.0,110.0,12,2,7824,48.85951,-123.514589
51.5646407613798,-121.23346726423836,17.0,756.0,110.0,0,6,112297,51.56383,-121.23245
54.004996243270405,-122.65661316478324,154.42042852004582,30.0,110.0,0,6,116787,54.00447,-122.65586
49.56457417636093,-115.7602133371619,83.01135620111442,702.0,132.0,6,0,28657,49.565554,-115.757778
49.057406303640974,-122.75671732863984,332.14830532529896,1332.0,110.0,12,0,32056,49.05456,-122.75896
56.61673593464924,-120.9464167711682,32.0,1980.0,110.0,30,2,59697,56.646416,-120.898525
49.005463954794514,-119.32814070196359,108.0,2970.0,132.0,0,6,103839,49.003939,-119.323147
48.406111802285956,-123.70245573634658,75.0,3080.0,110.0,2,0,24941,48.403081,-123.705517
49.18157059303258,-119.75954097419543,35.14354036829352,2970.0,132.0,6,0,6026,49.185484,-119.752171
52.18841434240433,-121.88616754667952,53.425081388818434,30.0,110.0,6,0,60940,52.164909,-121.895711
49.47605821369643,-123.78892091259198,80.84014584551807,1332.0,110.0,6,0,5503,49.47432,-123.791675
49.03554529745777,-122.44844467787821,395.1983140257988,1332.0,110.0,2,0,36732,49.035005,-122.447799
50.86651364134857,-119.48095059836248,91.48504223663532,650.0,132.0,6,0,32620,50.866047,-119.47987
53.72176179162375,-123.13830840555138,166.0,30.0,110.0,20,0,28520,53.721119,-123.139982
49.17550998073612,-122.62671512314455,179.60860233889326,1332.0,110.0,12,0,4639,49.177172,-122.622736
49.26372950023107,-119.59492765178433,49.271105053557356,2970.0,132.0,6,0,44073,49.266659,-119.601723
48.996343597052785,-123.56729177639004,10.0,272.0,110.0,12,2,49347,48.995461,-123.570479
49.81890723445102,-119.48274376065208,103.05113459174218,2970.0,132.0,12,0,5257,49.816299,-119.477131
53.98464875754496,-123.95808524090228,83.0,182.0,110.0,20,2,30385,53.981264,-123.95474
53.91221166222317,-124.05514275424164,232.77360385056704,182.0,110.0,20,0,14999,53.91277,-124.056933
49.04782591178223,-123.8320145487728,18.0,1892.0,110.0,12,2,3470,49.050578,-123.822356
49.07388329967329,-122.5631782796523,177.12805589513806,1332.0,110.0,12,0,33229,49.077859,-122.572591
49.492595733651505,-124.81384712067239,25.98971896859485,1260.0,110.0,6,0,12741,49.492697,-124.818454
49.05344532064298,-118.92804861457823,37.077972545912075,2970.0,132.0,6,0,35074,49.055468,-118.932101
49.11372164180296,-122.49617610860365,83.87278214546828,1332.0,110.0,12,0,32876,49.113491,-122.494944
