pca1,pca2,pca3,pca4,pca5,pca6,pca7
-33767.72327,346.7179822,-407.9099434,-23.68049268,6.943661424,0.070655404,0.990095579
-34114.81904,331.1069791,-397.997266,-93.43341808,6.913778355,-0.218264542,1.030747247
-27127.35795,-912.081956,-241.1846933,78.68905744,20.98681886,2.007373043,-0.030355002
37003.78867,17.9831045,-486.441468,173.8954929,7.680394029,1.416182737,0.840911995
-9126.492514,-1742.695874,-350.0948251,-3.328565084,-8.022718013,-2.497517078,-0.524690549
-18123.34187,3562.994273,-196.1209744,5.466872538,-9.138535697,-0.39815185,-2.008887129
-31889.82642,-243.2974965,-4.375515066,-71.08793532,3.565263734,2.378354614,-0.50263639
-3872.046462,3313.395036,-360.7948519,-68.4079979,-17.82947795,-1.342172636,-1.52696654
-272.1325585,299.280126,-419.5929208,254.7282149,7.328238793,1.546962122,0.839786736
-13460.55515,160.9128222,-420.2850971,-27.67387027,6.979479662,0.221864321,0.998857402
-14150.29833,2655.389927,-65.71190111,70.04087489,-20.28891802,-0.752058672,-0.681820082
13786.4119,1643.637546,-197.9966132,4.717009894,-1.341735101,-2.47357993,0.649259586
-28805.82959,-4.943669743,-14.46263486,-99.30948315,-15.85939394,2.597072491,-0.331212254
-12371.05425,-1143.403216,231.5123805,-77.24128755,28.39633408,1.444518758,-0.282193995
-24481.9938,157.6828639,-403.2599481,165.6987045,6.620938301,1.20190239,0.857499388
-23657.51333,2829.224903,-316.8575705,-10.86383443,-19.2887878,-1.290112688,-0.713721669
-32636.06532,4684.196054,435.5557887,-31.11748058,20.8317524,-5.074893217,-3.07973749
-27185.15933,631.8240247,449.3639624,18.35107936,4.935120176,0.073524266,0.868721101
-24270.58737,-3474.263498,-190.0675423,39.1229804,16.75672808,-1.354565181,-0.899210782
37900.09014,-3645.076283,-212.603184,-62.74217014,4.626479551,-1.317430052,-1.332407523
2579.016924,183.568262,244.1767807,-78.36716676,1.266500702,1.507384662,0.418371865
33768.15767,1289.94963,510.2246178,-10.64529016,-1.873231271,0.180120092,0.218399886
-7853.907223,-560.9604196,-242.9444251,5.611260454,2.069209771,2.3040728,-0.056795254
-8027.602474,-3703.323247,14.86784921,-5.981998079,15.97278862,-1.921278278,-0.789698121
52855.78002,-1297.8056,190.6173093,-50.15367294,-16.64196365,2.308639407,0.375848182
7766.063207,-874.7462501,-303.3009334,-89.17684523,-23.03348073,2.131499061,0.714423776
-29060.58402,-649.442299,294.1029679,-78.57035875,-17.10768709,1.549243249,0.59656357
56195.08612,99.39057493,-511.9691057,29.81680899,8.337739845,0.84405778,0.844626166
-13100.59018,296.7191451,261.4324457,-29.48836172,1.134997153,1.575620271,0.48803614
8041.121671,-955.9254097,247.8731285,-67.99595841,-16.91752971,1.928919448,0.535405868
34048.07863,5169.778597,516.5119989,-30.42687737,5.868362365,-1.233797145,2.364725189
-14166.07853,2720.548673,-328.1786216,-24.37351377,-19.29398881,-1.109121548,-0.784167623
39469.47305,-443.2332796,-350.0560754,-88.70321243,-22.46658337,2.098469649,0.903332786
-29526.81543,-907.3607907,179.1957461,-39.11785197,6.709801011,1.582690085,0.227720048
-9844.550815,886.3270496,440.7720399,-52.25044575,5.814400573,-0.555795508,1.187544244
-27244.97583,-149.9679659,-23.59304415,-20.86796009,-16.12615549,2.819934776,-0.168015248
7615.857848,8552.602294,256.2964065,-120.2879798,2.060358633,-1.676022813,5.895771348
18071.98385,-2737.296321,44.61419725,-17.68457438,-9.747106744,-4.963755238,0.507073967
43717.03681,6469.131549,736.9210422,-67.42208837,31.97817667,0.608801293,2.092147547
-17006.99132,383.7093234,-400.8429374,279.0654291,7.135345693,1.660900172,0.919454411
12325.53022,-714.1415169,-266.4393729,-70.24418011,27.22268189,1.887874275,-0.66102436
-28682.77284,777.4099625,669.9894659,33.5489951,4.501994205,0.178310322,0.798054692
-20201.63535,544.1124302,440.3358476,2.111061189,4.921314959,0.12961542,0.835166406
9078.813638,2197.966671,-89.7928021,-1.906585916,-20.66936839,-1.188719302,-0.174007482
56600.96432,-48.44812028,-514.8259288,-87.93778494,9.122907472,0.40167251,0.814869473
13897.27974,2640.112428,-241.504112,44.23271366,-11.28842888,0.322201046,-2.306042652
40194.1969,-1489.001338,-315.6004229,-48.0680072,19.32493008,2.139382352,-0.240701547
24240.80201,-1215.025743,-307.8301324,122.4404606,21.47123805,2.497447644,-0.173756852
-15136.84794,746.7327716,-372.5361648,-119.5398616,8.015215428,0.219037281,0.877602771
3155.103016,-3503.361117,-204.2865499,-79.39238188,17.28733871,-1.662686738,-1.09882187
5634.44116,-2876.95213,39.44836107,29.8239761,-10.24693474,-5.372119398,1.057502446
29618.78209,-523.5787518,-98.2556669,43.94007746,-15.67198827,3.333408507,-0.305116148
3769.641337,-313.5347704,-67.08240187,70.99525673,-15.82362731,3.326922209,-0.314886974
37764.6092,-3592.398303,672.3729727,5.758923113,14.93240715,-1.539850231,-1.680749541
-36762.5443,-2338.456206,113.0219702,-7.306553389,-10.14153889,-5.26412783,0.626768968
-9401.3808,-762.3190196,-131.4261793,-91.22007437,-15.64560389,1.565509418,0.736723414
-15935.85301,3363.485154,-195.4796254,-8.580115907,-10.48505393,-0.278678899,-1.995941281
-14662.15665,-2998.643863,41.38683865,-48.30770448,-10.8016782,-4.802533756,0.90384444
-28312.85012,-917.0617696,179.9324886,-44.33511,6.707513997,1.53906718,0.170182933
13772.29955,-2397.527428,-141.2196491,13.70253346,6.414771851,-2.008660427,-0.993565068
-12598.19278,-726.9129988,-126.8206838,-102.5044897,-15.64017658,1.470304542,0.749052783
-37464.38583,-528.8435648,-95.49837184,-103.2093578,-15.78303315,1.288740352,0.807185276
8089.758697,131.870409,235.3159127,-40.22388446,1.268853861,1.633342136,0.462404254
-24149.52735,4777.926917,29.06587098,-119.0893589,22.47222151,-5.000974635,-3.429912089
-10403.72565,-2048.569354,684.3620271,195.3182533,4.004808246,-1.697174771,-1.203152234
-24109.98136,-2301.922367,11.80246552,21.18282815,-9.555272286,-5.355497932,0.050077343
16708.54393,2293.237869,-331.3595315,-82.86525967,-19.54487004,-1.204791091,-0.082937408
-15109.26878,85.95867334,-414.4185539,153.1578295,6.685495337,1.203487487,0.844468929
-31761.99406,-630.5591408,718.1965374,-42.08580701,-18.45475433,1.664558093,0.517947653
-41976.80223,249.1242793,-370.3831269,186.9900533,6.375350314,1.274546675,0.835996349
-20448.8903,29.96025068,295.6583719,-80.48304832,-15.60020564,1.53558493,0.809567787
31377.89154,2245.210126,-118.066762,-29.81983387,-20.08018909,-0.939969347,-0.400824714
43172.31123,-3002.820535,561.814997,77.974277,-11.49444902,-5.334750082,0.64055555
-9680.958,-895.7986015,259.5726559,-79.03583681,-17.14211343,1.602100696,0.629599958
-4942.313845,-999.52244,-272.6100845,-68.28110102,13.38161732,1.791161209,-0.003677471
-27532.25065,1224.973546,583.3318828,-47.13380246,28.70898979,-2.168763016,0.684227625
-35944.07484,-2001.67056,-77.10744396,-17.36304636,6.140445405,-2.467987799,-0.871337054
-19423.79302,3300.055334,-360.6500179,274.0948098,-18.30871633,-0.178689383,-1.363717969
-44428.77731,639.9083624,-361.0899362,235.5739024,7.053009312,1.231429742,0.902129231
-37221.37039,-630.6435195,-240.5262071,-112.8399398,31.46516184,1.188141318,-0.263597223
-20385.71494,-1058.40688,173.3103547,-72.39179818,30.60186002,1.333319171,-0.308480952
-27564.45828,-2861.91119,63.00872778,-54.762735,-10.81915896,-3.775711863,0.528267495
67589.12047,-1601.872629,-355.5523845,2.751822283,-15.30863086,2.825867085,0.464052279
-22414.86234,-1615.062885,-325.3511125,-42.77600434,-8.06116136,-2.839772724,-0.518087121
54029.35705,607.6050182,493.9879134,6.554251433,-3.824117711,-1.509873138,1.216981727
7576.054376,2870.483017,-113.3755354,89.30779233,-19.35116852,-0.823099014,-0.947351997
29979.55259,420.685351,55.6665794,-65.74054324,6.79420974,1.305091881,0.332158552
60422.88185,4910.472306,513.7895936,-60.5791864,4.80106546,-7.119846709,3.036872886
-34940.90929,693.6225172,458.9333214,22.11906349,4.889240965,0.023294528,0.898146778
-21045.57618,3414.863269,-187.8750584,-71.55228065,-10.46314359,-0.623396323,-1.922837105
53140.0058,2225.062519,-418.9864782,99.03518232,-18.87980498,-0.354073916,-0.96718062
-21822.06819,2460.243707,-53.15466634,23.36793711,-20.81741213,-1.314775516,-0.095205645
-42651.91636,-3334.470999,722.0743743,60.85046596,13.84764596,-1.430225231,-1.145907849
61299.00457,-1722.166534,-339.4587285,-65.48748447,-2.670409931,2.44588814,0.308185973
9853.790448,-124.2015408,-435.7437191,291.0389593,6.698477809,1.990034811,0.694135236
3059.767946,2853.675272,-104.006224,133.758495,-19.51589363,-0.69124754,-0.828302418
-10839.85402,-1048.748573,-246.8619379,-97.09898317,21.11552672,1.51985324,-0.046456437
-2592.263688,-3059.787312,31.1922039,-46.83079853,-10.67642397,-3.583946774,0.476634302
10569.80055,3919.034165,108.9012344,51.41255832,-8.900374592,2.805764856,-3.439286565
9544.645181,110.11264,235.0905709,-72.56369947,1.268546812,1.597178937,0.384508865
41031.08597,-1583.597305,163.1289622,-56.36947052,-9.327646156,2.330891538,0.353084153
-23661.74923,-1061.414058,245.8052615,-81.6236185,-9.670941689,1.749725732,0.587500343
-11882.65143,508.7758507,431.6025887,-11.43279738,5.03185591,0.069773431,0.814467737
-28500.82184,-555.8932535,293.5306036,-77.85457341,-16.9059802,1.649018172,0.56451417
-28501.94667,1637.45003,-145.1481652,0.171436683,-2.25663072,-2.476997333,0.848125891
19418.91315,-1320.7233,-285.5116849,-86.64139832,21.21885324,1.796940524,-0.219963956
-17340.1009,-1665.628767,-335.2956856,-71.95806263,-8.024299686,-2.770002521,-0.547618706
-28599.10181,973.0567084,-30.04275962,21.2758034,7.074533048,0.643537524,0.385993098
-13070.6603,402.7079361,-398.4806772,154.9503182,7.300528602,1.091528736,0.898137471
-16082.62426,3130.727048,-113.8426407,35.81595391,-19.2261136,-0.705831837,-1.513642686
-18067.9391,-737.0241587,280.4577877,-82.27482498,-17.03777553,1.625509392,0.615264255
-11583.40246,-1050.227644,156.0177084,-27.12952739,6.808451366,1.757166211,0.177712116
17773.3145,-2140.804789,640.730414,421.7003293,-11.66368567,-0.781476143,-0.897999807
13920.55887,1932.355357,-351.7257422,-97.66553748,1.758136134,-2.055955371,-0.05499816
-27689.9098,-927.0567455,177.4900958,-51.35960373,6.71527486,1.548878935,0.236282123
16361.80171,-3722.773352,615.7797007,3.82998014,14.4794086,-1.235981287,-1.283272315
44270.32299,-1487.287074,-320.4866772,-11.69569907,21.39591868,2.170376366,-0.219219272
-5750.313203,-1511.742321,-156.8204336,39.89972324,-8.137032008,-2.841980914,-0.66432748
8331.380802,559.9209137,-403.2746976,-95.41059557,8.139055404,0.464634328,0.79468235
17478.72853,1948.36193,425.2872316,73.26515366,-0.664925021,-1.954602832,-0.150731779
-10413.1971,74.22726178,-425.0059088,87.64052141,6.81354366,0.898289119,0.883921619
55345.72834,-434.0624329,-530.3753103,180.009783,7.238128285,1.55954728,0.742762483
-33063.65273,810.3969674,675.6049629,51.3763705,4.457718118,0.238252112,0.743545032
48104.61778,2948.906403,-429.273505,34.59824554,-17.47573142,-0.823640636,-1.570725905
37674.44989,-3723.265253,-218.7248025,-56.72174987,17.49064957,-1.450847818,-1.266798947
13005.05837,3614.809148,-231.4554809,-40.71174877,-8.347245393,-0.241079484,-1.94292397
26500.77231,110.3087527,695.5991995,-32.54983798,4.106461073,0.495421721,0.568097031
468.3765114,-1926.554694,-359.2303132,-85.4831341,-8.14669418,-2.631559605,-0.593894516
-693.1026734,3508.923214,-120.2283182,-6.186073676,-18.16494744,-1.327652648,-1.486958061
-16723.95949,-1103.564438,170.5662854,-70.28617054,28.58455891,1.410923015,-0.260821963
9013.042604,3566.091474,178.2206467,13.48830242,-9.820858428,0.656192085,-2.340910582
-40024.09437,641.6296828,775.3236984,46.77727087,3.690917806,0.333601884,0.669774027
-8810.336785,-821.6295168,268.4534415,-55.58927796,-17.01934007,1.848308322,0.567690122
17744.1831,-2163.899103,-149.9999818,257.7894545,6.840707801,-1.330031984,-1.063846767
23977.0235,-1320.753263,-299.742513,-35.81239244,21.3160884,1.947257049,-0.207059724
-21178.93411,-3532.028865,-187.7790653,14.63011829,16.70366791,-1.219527482,-0.950501353
18142.07859,2882.435859,-404.4437674,200.8551067,-18.299287,-0.136703509,-1.474893081
-38883.65557,325.8405999,722.259629,87.48279371,3.225548738,0.617878931,0.560250428
-38677.26473,-3394.177943,717.4641268,52.10577441,13.81881303,-1.268527859,-1.205666007
48106.88189,8728.376424,-266.8927398,-50.54628753,2.601623307,-1.509314841,0.840629577
-25928.42639,2555.814505,-50.45093891,-5.219487401,-20.69833287,-1.996722425,-0.080430005
-13975.90966,-912.3226272,-252.8674228,-14.69553285,21.30595961,1.732698092,-0.025392764
-32332.84697,-113.3856078,-17.72612775,-10.3468962,-16.17240451,2.784616005,-0.181592809
60420.59616,487.7162025,483.6499209,9.995781886,-4.917355426,-1.218730939,1.31555202
-26482.23486,500.88321,-373.3447967,29.91645761,7.247584302,0.636960481,0.87395304
-27304.63709,2695.994378,-286.3218912,-54.59792746,-19.67933641,-1.547501116,-0.004134553
38323.92458,-2516.023589,480.4835137,80.666093,4.635699059,-2.079999576,-1.093479762
57653.67134,-767.4636277,-137.7014401,126.3842111,-15.58141175,4.004057225,-0.4990218
11165.14355,8561.59639,363.1578335,-22.42192948,10.70141056,-4.251020844,4.782142376
-30086.02004,4685.380454,427.6040529,64.14932623,20.84614712,-5.004159194,-3.053475288
31443.91491,675.0755647,-500.4151658,-64.30071534,32.04887785,-1.03409378,0.733116889
2853.260112,3327.942605,-377.1322989,-48.80606016,-17.6412739,-1.581445496,-1.371592431
-36832.94984,-663.5300058,292.9034831,-81.85987665,-17.26120402,1.275406446,0.774312893
-7276.648336,-2288.922466,557.5189655,63.3369678,4.062000655,-1.879492371,-0.932783759
14856.52154,-178.3515335,-455.8754972,227.0922258,6.773780703,1.728358026,0.714736856
-25978.78771,-2908.523552,55.84683289,-52.71916901,-10.86718937,-4.903169053,0.908805418
-3667.909479,76.76798524,-431.2614784,-54.68631536,7.034227887,0.190577774,0.987588081
65403.13297,-748.9889862,-135.6781946,-25.71057472,-15.33600845,3.530492213,-0.58859752
41515.51404,-1065.315111,422.7202935,63.28794598,-16.15649659,3.03953915,0.323732323
-38297.85583,3357.608459,-333.4245684,121.7936591,-18.53202253,-1.052791974,-1.304947878
43863.22345,-3177.332509,-8.943678448,55.74196878,-10.03196522,-5.003871642,0.9589271
47629.64545,389.2467672,681.3846314,15.55239058,5.053492608,0.151964515,0.935116317
2898.655229,-3557.306154,-212.0590195,-79.60725486,17.20101758,-1.578671729,-1.085596297
-12515.10443,1058.225769,563.6067457,-72.10469791,28.72297022,-1.418390752,0.586554985
-28991.44436,82.94817919,-259.7611133,-111.6438598,-11.90305221,1.548953213,0.764496067
-28494.83076,-2779.425787,68.53469721,-39.2298843,-10.69855181,-3.420813889,0.328375147
6369.199225,1917.593683,-343.2265616,-80.25103387,1.559261541,-2.139025026,-0.005665983
18459.74551,-980.2261414,-166.6878505,-86.96919297,-15.48397043,1.703540065,0.633028931
-7461.946402,-902.4228024,256.3080126,-69.23842088,-17.11122881,1.616281793,0.639514098
-37060.19342,-606.6328068,-245.5789743,-78.62876795,-23.47215916,1.816321109,0.880306576
5277.195008,-3622.114388,-221.3925792,-54.57405054,17.12992924,-1.559237868,-1.007122454
3063.037134,-822.2075898,262.5558685,-52.98815218,-16.79748079,2.040302875,0.390833259
-16649.26876,2576.333935,-293.0362538,-9.568274772,-19.73128423,-1.167279678,-0.013655328
-4276.638465,2479.580481,-306.6872686,-47.7002953,-19.64181812,-1.255673855,-0.021057565
-13222.35055,-1039.357901,159.861541,-62.71360177,6.808187124,1.652526247,0.15894838
10689.94046,2367.155994,-330.3835756,-90.1910513,-19.50504154,-1.348940497,-0.077450288
9876.243185,-3391.912411,-176.6859247,-74.82023905,4.528577611,-1.632860927,-1.228040585
48169.23377,2897.068271,-427.328836,-27.48700415,-17.54899514,-0.826762465,-1.616343169
51839.07623,-1550.862796,-327.2576454,-66.65777948,21.45692568,2.08710817,-0.22032169
44948.09538,-1596.79454,157.5911362,-41.2278998,28.71367807,1.91615488,-0.458415781
13645.14687,-1458.467045,124.3290613,-74.25565548,21.56305298,1.979589164,-0.157577621
13063.19596,-1598.799941,287.0294401,-16.53710653,-9.344300559,-1.974508984,-1.813120802
12348.07889,-1348.205318,200.0434991,-72.57994337,-9.472587828,2.019902038,0.451556817
7037.681425,1251.075922,258.456172,-78.35996857,-3.613941212,-2.230527079,0.525977626
-32548.19007,-28.52490886,-18.68039249,16.90961209,-16.01942342,2.800848646,-0.152014093
-43327.7181,265.9796585,-369.5820151,205.1092318,6.377619233,1.279875757,0.895008473
-31703.42163,-619.4530152,298.0487889,-90.63278942,-17.09552745,1.605840707,0.586529955
-19908.54296,-1999.874172,707.0340632,0.84250556,3.97562562,-2.452325133,-1.061079869
-25504.77684,-624.0701987,-110.9152575,-95.85068788,-15.71700025,1.398045937,0.778100723
-11881.30148,-968.860903,-256.4041376,-0.413092602,-15.75637084,2.266652502,0.692337536
-2752.081,-63.24290471,-420.5031738,202.2809047,6.600723227,1.600017376,0.801509955
-26875.92776,-3619.076087,-251.2525598,100.9658166,16.57717226,-1.136219303,-0.833478794
57760.20424,5469.058432,-315.3379515,-113.2154862,11.57103797,-0.180755099,4.287310997
65546.44321,-1387.746283,172.2695292,-22.29018058,-16.55491515,2.428552447,0.320563685
-41867.21847,-787.3456503,196.513542,-94.02739915,6.699996326,1.331881689,0.156878562
24016.68624,-1367.371762,-291.0804325,-91.29174457,21.23274288,1.903133426,-0.176828094
58158.66241,4107.55681,-77.03630772,-68.95036962,22.89700936,-4.182263539,-3.666590722
65612.38004,-1561.311293,-363.4890785,-26.29584415,13.77396977,2.433344669,-0.142190409
-27999.82202,770.1240632,668.6235335,63.53746092,4.485530603,0.327624265,0.752102521
-22372.54384,-1040.671476,245.1175026,-79.23193459,-9.607479473,1.753894067,0.525732686
-38853.68652,319.3905172,725.2274006,47.3268943,3.229048398,0.482034468,0.58840815
3788.528929,2605.94987,-354.7528983,55.98871254,-19.17075885,-0.834092755,-0.827366578
60736.59903,-4156.189443,-298.9975386,78.27834364,17.21628988,-0.616939404,-1.136670234
41366.01189,-501.7265807,-359.3640453,27.56063893,-26.5815861,2.682650041,0.951400732
23070.73475,-348.0538661,471.1580006,-60.77223874,-13.14789585,2.136379045,0.376407772
23117.86126,-1363.653065,647.8826093,-26.5692783,-11.73736339,2.421267867,0.11976225
-12407.91609,-1126.030357,232.4233076,-76.31558391,-9.563013341,1.842483147,0.504023351
11296.84352,2352.388933,-324.9391039,-74.5719559,-19.54821216,-1.229673383,-0.067133841
-22823.31595,1107.234154,-431.0741641,-85.45513018,31.74985554,-1.477248894,0.905998544
3967.690579,2461.384073,-91.64129632,130.7912147,-20.29966953,-0.494063953,-0.298861383
-11357.03149,-773.3519599,270.814022,-57.77380972,-16.97467028,1.767313472,0.593194183
7476.173858,-72.05894219,-449.5707242,128.4911811,6.893360721,1.209079392,0.827015375
7809.818341,98.86230591,-308.7306498,-108.5215475,-22.06501188,1.778776053,1.087673355
-37690.36976,-526.0532572,-95.11757487,-105.0982755,-15.7816151,1.268356607,0.780663463
-1360.363585,-523.0831303,-242.17774,-69.67043721,2.297428525,2.307029544,-0.14520074
49955.57035,-1096.973341,-324.284072,94.54676211,0.226068312,3.045170876,-0.14923914
52997.77238,-1297.811639,188.2541859,-26.53366652,-16.6451142,2.36743205,0.375929052
-28135.10933,-2036.891699,-84.73423798,-20.34860047,6.235831156,-2.512083167,-0.877779925
11866.84036,487.0044899,-452.4298912,-63.99387504,8.18919266,-0.039641688,1.010046781
10711.32191,2539.049309,502.2473967,43.10872123,-21.84825526,-0.881940865,-1.085911291
29988.0387,-3270.972032,-9.982601216,18.30618389,-10.43209694,-2.820221409,0.242066373
-24276.67602,-3119.522979,-137.0120538,-9.082722563,4.31306368,-1.658471992,-1.110907364
-34666.83338,710.5545884,-411.735044,-92.32119454,7.700708379,-0.561320763,1.200309137
18078.75976,-2560.191455,378.458926,139.3231209,-10.53501482,-4.573281273,-0.312503912
-19755.85636,-3532.822262,-185.1367248,-73.35818872,16.76562541,-1.516405066,-0.998081984
-8101.163447,68.6628328,-432.3588221,56.91496414,6.880419002,0.721362991,0.876503306
-26828.81394,2043.912943,-300.5778137,-102.4752378,1.108279907,-2.128619617,0.170759526
9894.221662,2751.562083,-109.1693371,3.783782663,-19.5105853,-0.931065431,-0.899672942
3309.137021,4682.793291,472.2540211,-17.8486759,21.33424426,-4.838964958,-3.527590445
13425.97245,-1365.794473,198.6985837,-73.11261237,-9.483814956,2.065464129,0.440694636
11697.35495,-974.8852936,-323.9707504,-57.02534875,-15.11745175,1.953091897,0.649665276
3717.11842,3592.200514,208.1776039,7.664332356,-9.951991651,0.656145721,-2.324110336
71358.24766,-877.9926106,-151.4369874,56.42780171,-15.48159183,3.860688876,-0.558541237
-17036.792,2773.992149,-330.057891,86.11145322,-19.29264746,-0.840172325,-0.746530109
-4824.472432,-2169.624713,-142.9371287,-41.7479777,6.578272769,-2.735138462,-0.785482269
9265.741097,123.3441963,235.3684167,-70.73088288,1.288736152,1.510142549,0.458220362
-22301.97055,151.2380852,-405.2122048,150.3130782,6.660511246,1.137648473,0.839531314
-20869.52785,-966.6234754,-233.536383,-51.2302428,21.03526497,1.618731979,-0.061071299
6217.020256,4452.050681,170.3630314,-47.7131826,21.88946371,-4.788882564,-3.294647136
10582.29578,1050.859997,-407.3393335,65.56710782,-1.936269753,-1.264856048,1.118079356
8736.554807,3215.045756,-376.4941391,-51.66993832,-17.76232787,-1.218603116,-1.510799119
-29057.84247,194.0957337,-397.1526,158.7214248,6.591752601,1.137827051,0.812926392
-38979.03306,326.2885163,-384.3728395,-5.018562109,6.732677851,0.318844123,0.942380382
52509.89846,-1281.009479,189.7048046,-42.76979024,-16.616364,2.285111826,0.373848156
-6405.039546,-1983.532398,-109.7950395,60.66292026,-9.236089156,-2.017248044,-0.606573021
-3589.98494,-603.6571602,635.8389853,4.516010388,-0.682127649,2.366886288,-0.385812674
-2990.418867,3393.700671,-374.7084587,-9.784397127,-17.63866968,-1.50782351,-1.366813098
-4410.420494,-1138.339655,-259.0687529,23.55788046,21.02433364,2.061769162,-0.106533843
-12925.44,424.7887524,-414.8478801,-0.62062355,7.482466175,0.436622332,0.969047305
20236.31038,-1107.069838,245.2127286,-63.21002916,-17.00269429,1.588787927,0.596766407
-41930.03132,-889.875354,203.1563342,-87.16849938,30.47074031,1.177451164,-0.268611941
-31505.18056,-526.3136288,-102.8742353,-103.9365676,-15.64897006,1.37047251,0.757047034
10872.0964,-1133.39602,-297.4686374,-49.19223161,18.45703036,2.03412892,-0.209863226
-12682.02134,-1084.549427,693.4180607,-36.19588016,-5.947133058,2.028521934,0.192343328
-6738.102222,379.9820228,738.3261295,-50.4262964,3.931988837,0.175995487,0.664899809
-35539.60546,-1767.133719,-325.6525625,223.7291035,-8.733735074,-1.649008093,-0.427864418
-24480.99169,157.6478376,-403.0006963,160.5057112,6.622945157,1.191242185,0.856782082
-24355.08898,3399.548003,-350.6583932,120.854017,-18.14892609,-1.005973162,-1.353394902
57972.8378,7237.711942,117.6257185,-85.57897139,28.53431445,-5.448261008,-2.558666702
-13791.45997,426.7908285,-414.7682172,19.34140438,7.460772684,0.502408107,1.001069518
-19502.08135,-903.4126094,-253.978608,142.5091867,-15.84551237,2.681360652,0.735352892
-1909.794337,3447.224348,-220.1543571,78.33586585,-9.047033717,-0.10291788,-2.027330623
13602.58707,-100.341825,658.1513973,68.68440198,3.51609144,0.925955723,0.458147201
3844.584425,-2606.97021,65.52747073,-17.27208414,-9.806850176,-5.289683308,0.515006182
25646.35844,-2547.700355,522.1691981,-37.65365081,4.287823758,-2.047163358,-1.081043461
-22692.0575,-967.049734,172.9577813,-86.364119,6.757093008,1.476630629,0.216260876
40987.14579,-1575.179666,162.5495324,-43.44397992,-9.316823194,2.341198751,0.371344304
22289.04104,-2873.00206,38.22998135,-39.58864831,-9.907582043,-5.049865599,0.656404847
-18229.63611,-1749.5749,-193.5729053,-23.72895074,-8.672761109,-1.87302079,-0.817025889
5274.730256,137.0953303,240.7331622,-78.18746625,1.232565086,1.59103303,0.391252827
-17932.59371,-271.5480085,-5.288967216,-80.95237767,0.768695398,2.274527622,-0.358305981
-8496.262409,-814.206872,267.8246157,-70.54869881,-16.98904517,1.73806888,0.59204848
33728.09428,54.72406919,-472.2219199,-86.86107383,7.794445169,0.412538054,0.859162817
6023.347362,321.47844,-443.8408454,-75.92516001,7.736379495,0.170723687,0.878889601
10600.42412,4742.759244,164.4332935,71.42924934,22.48150594,-3.992990927,-4.040016744
-30059.09986,-2556.784318,87.85623427,1.244585317,-10.37947651,-5.696012687,0.9903839
3081.665472,-1351.17483,136.641855,-55.5344497,-3.452910688,2.113174831,0.402491878
-10205.82713,-542.2740133,-239.5233677,-3.594968918,2.05911008,2.256049131,-0.052092679
-25249.10787,-396.7496741,-217.6149691,-62.12469694,2.045798567,1.891538678,-0.000998252
834.596889,-851.2690656,154.4008265,-58.17874419,-16.55085158,1.655968912,0.683375862
-11313.03348,-774.7959801,271.6576756,-75.72859709,-16.96957869,1.717538076,0.592154846
-35718.62532,247.1390618,-388.6416622,156.1249085,6.554437379,1.08122029,0.830632379
17384.45011,-3358.785053,438.5325448,150.2075623,2.686650053,-0.965717396,-1.451626444
-40580.20104,-717.301482,-231.1002291,-1.965904195,13.15023217,1.781796095,0.117680213
9205.35208,-2901.331899,34.34232996,42.18159599,-10.21987681,-5.285007834,1.065098344
-35138.97613,685.1051737,459.0948643,3.566322767,4.878204621,0.005920464,0.870114356
51106.69891,4931.132106,-313.8454362,-96.06089082,10.3656074,0.041024771,3.993176433
-18328.36971,86.67798704,-411.1661711,168.2099448,6.61171747,1.266423902,0.834059157
-3353.437961,339.7793912,678.5974464,76.84492022,4.029990442,0.713625558,0.669536989
60500.29002,2334.984493,-297.9308228,62.31247727,-10.90641585,0.686893075,-2.442907824
-39192.23977,966.744413,149.9027408,-49.83157966,6.360376867,1.050610875,0.416426445
-35166.20333,645.4374459,546.351978,59.80348016,4.490827167,0.335543813,0.726077075
-15608.86195,465.9650876,688.6405791,184.9795808,3.97414992,1.04919785,0.65998386
13250.2982,2242.689841,-99.32185884,-13.71142245,-20.47687101,-1.753232895,-0.215633507
-30532.39939,-3217.324659,51.29498899,-57.40077738,16.44454716,-2.342785024,-1.015223071
50631.98268,-3116.826565,3.081081917,-50.41990596,-9.775900956,-4.866115529,0.590717937
-12985.57082,-2028.901114,696.2560211,22.98317633,4.059860256,-2.347176952,-1.159638411
5810.223623,-1229.326108,-268.005523,-96.36958116,-2.881917099,1.952535191,0.366934244
30298.55939,2901.12433,-424.5203097,300.0843113,-18.04404673,0.284346297,-1.562640223
-20963.7243,-855.0382534,-250.0691668,104.8188867,21.2230567,2.130248743,-0.021254664
11763.23953,2108.388069,-53.4706355,-15.82244169,1.092657154,-1.737373683,-0.314039136
-22502.02283,-3416.916877,-183.7432977,-68.96655723,16.9389303,-1.699344235,-0.995487351
15481.46592,290.8119202,402.022019,-8.305348317,5.167181901,0.276288049,0.695707936
-23024.16892,-813.2196891,711.4604423,-50.98471883,-18.63707407,1.682719051,0.530541491
43449.06422,-510.2592194,444.3675771,-37.84547098,-13.03891451,2.341371986,0.31717832
-35175.54416,619.5669719,-387.3324462,-90.23328646,7.433767831,-0.193192542,1.035100791
-15720.79317,-3176.699882,733.5231954,127.0759456,1.558444477,-1.312766506,-1.359623772
-9070.702523,-3311.070722,-158.3152628,-87.13526746,17.31079603,-1.849290905,-1.212747009
6668.815378,-112.3877819,-443.1068328,177.9542302,6.746862794,1.471021417,0.738955249
-33019.98404,810.6882132,-396.3426211,-37.42470891,7.851729091,-0.035791407,1.070145958
49587.67101,660.738139,507.9076075,-39.21213582,-4.820669236,-1.856807409,1.200224185
-8995.78021,370.0941784,-402.1142187,125.1789452,7.335026833,1.005710896,0.889519026
56098.34701,-119.8930266,-505.8954209,23.41403567,7.885131611,0.922165413,0.819288239
-40852.63773,-215.6399354,242.9949834,71.1498615,2.614918546,2.624496598,-0.392009235
26017.86378,755.2886225,680.1847348,-9.184047221,28.40229386,-1.004686168,0.384284527
-4480.915074,-2512.703093,79.49245331,-26.00313325,-9.802410433,-5.383702149,0.477995467
10190.59205,-2877.365362,36.92246597,7.047498966,-10.15019557,-5.408460053,0.896940882
39521.15801,-480.4516348,-353.2356059,-47.09068739,-10.55530625,2.273007093,0.590774017
-7421.665049,-1664.442529,-229.6005488,10.06996177,-8.222653346,-2.382292998,-0.704775421
58070.79865,4127.484096,-79.07618396,-25.43528429,22.92154554,-4.080749252,-3.632254788
18590.21603,-430.0460669,-78.37503568,-15.66882792,-15.71177249,3.126492603,-0.369038904
14033.54189,-2076.006577,-392.9932551,26.3307469,-8.163170628,-1.935252515,-0.702248944
-7723.835726,-3332.775854,-160.2583276,-82.55920551,17.29426767,-1.796048766,-1.263734897
15624.09466,-1780.664718,-260.8455214,77.13662099,-7.98578703,-1.983593268,-0.776583621
-3786.262336,-1192.691541,154.9705341,-83.29020247,30.69089907,1.436553166,-0.340408631
37440.41588,-3257.649951,-5.359079362,-38.73265879,-10.26344471,-3.286350556,0.095233391
34173.49952,4831.62457,608.0496219,-11.89759834,31.90848718,-4.046707434,3.401183769
-19052.93591,8718.407627,61.97783108,-129.4571335,12.49917687,-7.578618566,6.996791935
-864.0100129,-1127.591345,677.3549979,-9.16269534,18.19876587,1.838547317,-0.413050127
-16768.51603,-2003.413307,697.5902903,91.09499626,4.003437523,-2.110173417,-1.128595345
20237.31034,-1107.0778,245.2114509,-63.20964167,-17.00268605,1.589446253,0.596587706
-22872.64527,-1038.458053,175.1002419,-45.69664987,30.57754774,1.41083081,-0.304274505
-5612.653583,5082.581381,731.4914054,19.39074848,23.23799187,6.643343817,-4.18978339
44801.14309,4996.147644,605.7155991,14.33615302,4.412410999,-5.79022604,4.559121978
-32998.71362,792.4994705,720.4115902,-5.731193154,4.314873718,0.11431662,0.718576549
-29452.74842,-824.2778578,-240.226886,117.9566424,-15.89586745,2.521515445,0.725427359
7521.47531,-38.82337138,-445.6687829,50.7344154,6.983979035,0.850016594,0.777502154
41899.1817,5853.931344,29.96550351,-83.38281064,7.911119798,-8.758538051,5.742205446
30886.88867,3046.734933,-406.5717937,-27.34400647,-17.62015752,-1.064491803,-1.527265247
-4380.021756,2905.666858,-89.1075909,83.00794226,-19.55695548,-0.907373086,-0.767476176
-7741.433221,-998.5677123,-264.2031527,51.3213641,-15.74578728,2.445728704,0.704484054
-30798.27297,-2452.030783,93.23942572,-24.26885393,-10.18214113,-5.369085433,0.84195563
15007.56039,3077.027703,-400.4464274,125.7576237,-17.94655516,-0.696498571,-1.463815372
33892.54744,53.44211,686.1781425,-30.07816618,4.14636895,0.530034168,0.494859808
-32275.4505,-61.63999541,-19.64107708,28.15970095,-16.08427695,3.025089232,-0.271582967
19468.62297,-1228.897264,-292.3015187,-49.69594018,13.40568385,2.0909217,-0.086280463
-11884.37789,3431.51919,-351.5393996,-10.18496237,-17.79237304,-1.408673473,-1.411623917
-22886.19054,125.8900858,-404.5247676,150.2386447,6.598119025,1.149275293,0.852968617
-42646.61025,274.1542784,-378.3463595,123.7056549,6.47190554,0.894394828,0.891457946
44193.93959,-1538.985539,-317.1591976,-79.38695771,-2.674511689,2.289632778,0.278069007
10383.25352,231.0028079,754.1467334,42.61111261,3.833644897,0.637609902,0.570986979
15098.1236,-156.5571146,648.4744733,202.5766846,3.38877455,1.505707507,0.419896699
41225.59687,-2748.720385,70.98571205,199.0590331,-9.576775328,-4.193556162,-0.291787668
30773.86145,-655.5218273,-63.61866242,-79.81295391,1.041534338,2.651408793,-0.548963679
18829.63624,6265.896217,-24.25247771,-71.73845416,26.34507619,-4.790885962,-2.940726134
-11245.12148,-69.23747537,-283.786117,-78.20351938,-11.82998213,1.826596314,0.756373298
-27321.47357,2420.580449,-2.951281031,-42.54884896,0.879782257,-2.13082179,-0.209414711
-26206.56655,-3463.815126,-187.9043183,44.3859935,16.7287468,-1.346158508,-0.93164252
-22691.54964,3035.373771,-70.50612994,51.18166323,-19.66298202,-1.01326313,-0.766420568
10002.0571,-3654.441517,-230.3033702,4.71871725,17.14638736,-1.312690317,-1.020500053
-26523.56699,-657.6976899,291.3858844,-87.63018342,-17.06637745,1.601730606,0.538530381
22800.90697,-324.5188769,-328.5345764,-100.1230909,-22.58671668,1.959146344,0.899932835
-23664.03272,3521.415175,-337.3473974,2.221682385,-17.87792035,-1.465814519,-1.422237036
10290.80403,2484.702201,-358.7129706,-30.50956464,-19.23603102,-1.068120836,-0.771433447
51626.10609,-536.0111733,-365.8871731,-77.89238045,-22.38988283,2.22644367,0.881708123
60412.47067,7848.368157,661.6070466,-73.51918627,-6.694106525,1.108111931,4.849465497
51240.89325,1227.992419,229.4690608,-57.46386154,23.22204094,2.354764547,-0.643989495
-38060.82497,487.2564306,292.6185041,-85.26941034,0.999320586,1.247193064,0.424060325
-226.3616149,1399.987114,267.3158336,-69.67239831,-3.482970961,-2.243651871,0.530125619
-40265.29998,1634.785626,-126.040998,-68.99055409,-2.497437557,-2.699953954,0.766918908
27072.74098,-1710.387163,269.3387571,-15.26864369,-9.269104598,-1.901867008,-1.900289042
-41596.50834,288.524382,-369.9962196,270.9672608,6.417486549,1.536852423,0.827340617
-10992.44934,-1057.886926,154.8057806,-17.89548343,6.802694658,1.83884506,0.166882128
-24419.34772,3071.592425,-66.78188264,140.7816082,-19.68204761,-0.856427575,-0.719429625
-39027.29727,874.0532903,722.9339894,96.31691857,4.306709523,0.25038141,0.780551527
3806.45736,2803.904555,-104.9684281,-26.92670144,-19.51108787,-0.998771374,-0.912254894
-40875.97613,-322.4962955,-190.9936924,-102.7665345,1.851028015,1.90611347,-0.138795404
3316.282532,-1080.186387,-290.0864768,-47.30912428,13.40743022,1.997077611,-0.065422751
-6823.185755,-1103.472411,-251.628761,-43.72934616,21.06431787,1.758381144,-0.072779542
-15872.27234,89.09206111,-414.0006451,163.8615843,6.67120243,1.261831926,0.836433482
7169.727256,130.0252799,235.1810171,-74.64373734,1.266785949,1.595328525,0.369747567
24922.0393,807.2523458,516.3074552,-26.68596166,29.00317382,-1.731519114,0.563671532
34600.39698,-3961.678015,-259.609811,-51.79010368,17.09279934,-1.245489001,-1.017711326
48108.35379,2797.42837,-442.7730573,138.7429547,-17.78944863,-0.40550214,-1.52146874
44641.10594,4749.693068,-251.186553,-51.65839887,34.6295508,-4.081640166,3.599611348
-30244.08713,244.6235385,705.5632472,203.1740376,3.21236607,1.000446454,0.668384349
-30876.98374,439.0426697,286.4532334,-82.36422622,1.054450131,1.234690385,0.542824564
-19168.21575,-1137.182344,239.8244409,-76.4717822,-9.728393381,1.862412223,0.522558217
-34209.85608,328.9847369,-404.9413421,-72.48312386,6.918510656,-0.1100784,1.030202254
-35750.72359,235.6371186,-377.2071241,208.0098275,6.472777378,1.325409667,0.858183429
-18577.46947,-589.8072913,-249.4711728,-59.27137643,-14.11113204,2.257991305,0.645796411
-14286.14902,3471.717518,-358.942577,-1.242489909,-17.73597078,-1.561684367,-1.295767226
2193.881862,-3010.606253,514.41767,3.356953835,-12.0366675,-3.144969624,0.042673485
-2647.475366,3386.038746,-375.8228659,3.657798836,-17.65156704,-1.441237971,-1.372260277
-4485.946414,576.3259747,-419.7692297,-46.83763087,7.97280046,0.265747363,0.965205447
1390.144931,-1156.470037,138.7331273,-8.075002592,6.864929215,1.947582084,0.090839242
13955.91698,-2312.599925,-172.536318,77.44917366,6.648137799,-2.225838845,-0.871969688
-4214.941977,559.4995627,468.3164819,-33.62829721,5.165599414,0.401300711,0.620453685
-6255.823869,-2691.325645,534.6642494,-0.067380545,-11.61553087,-5.323024237,0.693934951
-13494.16816,95.26303485,-425.8968591,182.5368296,6.752522557,1.269353651,0.869161437
-10117.36281,-2915.58789,45.23347062,4.586526355,-10.59571323,-3.192405838,0.305591907
59448.38959,-2685.327452,-226.3810572,9.443809662,6.91590691,-2.093017202,-0.983087624
-39389.44735,-3510.433529,-235.1552879,94.24400831,16.52495342,-1.232650414,-0.83773292
-16225.75782,-3406.734346,-189.2832172,-34.06791947,17.06527971,-1.523501097,-1.091301742
53864.40053,-3280.956974,527.0150282,77.78057972,-11.74423898,-4.872622762,0.825898734
13707.69542,213.7074154,-451.9432954,11.00424771,7.637589101,0.635244852,0.877556205
14773.46509,-875.8921015,-161.6094228,-93.18608762,-15.35469566,1.7018309,0.629807863
-38636.27162,-3384.28005,-162.8221059,-44.70417004,16.63721455,-1.557089259,-0.991619457
12544.40598,-3398.623363,-25.10438737,90.41918637,4.005125039,-1.194596066,-1.206196717
-44345.39209,5360.022934,175.5281157,-44.74335164,-7.135889882,3.151893941,-2.797550797
-8074.188961,66.55772581,-433.4543384,78.0087493,6.871297584,0.799419128,0.923254497
-20283.86886,2640.120712,-295.6435223,-44.87005405,-19.64254114,-1.454798032,-0.023127066
24559.44636,-1272.605716,-297.1989229,-79.85703334,13.4398247,2.058470526,-0.103680032
4070.495166,-2993.986357,39.01636604,-66.46394847,-10.45228435,-3.545316285,0.168460896
-36169.85376,-1969.524423,-78.14432116,49.90995423,6.166139118,-2.343326455,-0.870866494
19817.05856,-293.8179843,-324.6962685,-99.30397802,13.40024517,1.589192069,0.180927568
-33907.16668,296.4201696,-401.751294,94.78137844,6.763458109,0.655967384,0.96953227
-21221.97617,-892.5375305,-243.8737773,-15.84940979,-15.8005569,2.137917023,0.710047934
55885.92238,2203.11835,-421.7536081,85.32449843,-18.85876924,-0.380226028,-0.969740829
13719.97655,-2188.31282,671.7995782,81.00360366,-11.73544275,-1.605740841,-0.946307633
-22438.99871,524.2369692,-407.2926164,128.0838146,7.413557952,0.828702578,0.932078136
-29245.94696,795.6088904,451.6554069,89.25402078,5.179043119,0.326319939,0.874869339
23332.66418,-1976.340833,-387.071784,-19.61536643,-7.797167011,-2.472427238,-0.686770244
-13510.37356,-2537.048568,86.3751751,-79.72128842,-9.996995204,-5.43361251,0.707318335
42498.4662,5053.213891,536.692843,-67.56652872,4.700535932,-7.266690675,3.076776259
-632.1382662,-952.8125554,246.6101948,-67.0437604,-17.06040772,1.57338496,0.694629943
11744.83911,-1679.515134,-254.4764748,-69.85589387,-7.796592228,-2.536058422,-0.86503071
-30713.87969,450.6711514,286.9717916,-96.34914413,1.08050274,1.114881734,0.497179216
-15358.66363,-501.1825604,-233.4853509,5.282429215,2.02616313,2.247810394,-0.037613881
-11426.29226,-1835.449612,-342.8035274,-14.94458739,-8.264598528,-2.513755448,-0.524290934
-3414.875213,-1070.213609,-286.6479349,9.798767661,-14.72003926,2.632916789,0.514533857
43078.19936,-1499.913396,-314.908272,-33.86962406,21.34439535,2.11516799,-0.229468684
5093.076148,1383.371363,-215.2287722,-103.6114849,-1.900872607,-2.890631778,0.800427206
-21374.40706,163.3720367,700.1572639,88.13419848,3.284750475,0.710127819,0.609818003
-22659.41193,-443.2709542,-222.3603705,-31.80536371,26.99049926,1.805400009,-0.561817006
4253.33537,-1283.648978,209.4848655,-57.75841873,-9.524688812,2.007224903,0.474840596
-25740.73971,-2494.655551,698.2532016,143.0589632,-12.15716679,-4.761761031,0.574378267
-40240.29966,1907.882519,559.7405871,62.61642737,21.86450857,2.2092472,-0.469736277
-18753.72508,1498.525674,-152.93605,-51.24474704,-2.308499641,-2.73607616,0.892766631
-32058.30866,-48.74046148,-16.31162388,-43.14075285,-16.02043437,2.725176455,-0.156091627
-7800.535474,24.81257754,-424.314512,167.0079832,6.711012283,1.31766452,0.764729791
66047.32435,-2187.218084,-334.8560134,287.5771269,-7.791169139,-0.859441994,-0.908918858
-19955.41116,-575.7013328,-248.9821484,-34.35640348,-14.12058575,2.329122758,0.666708832
39849.10555,-1501.390491,-311.5515011,-82.09466567,-2.692850001,2.232100065,0.282424512
3209.111968,-2786.909131,49.24235034,-22.32227693,-10.1171548,-5.121818926,0.703334111
33604.43202,391.8486909,50.74417804,-58.53270044,6.81785056,1.337183615,0.357545074
-35167.99501,682.2847269,459.6220523,-6.317058738,4.876020494,-0.014046397,0.87422755
-15230.91388,-1101.250085,165.7382639,-30.97354762,28.60989647,1.550695419,-0.268037758
16526.12961,2506.51367,-371.0246661,60.94387003,-19.09554724,-0.723469906,-0.867717374
-21675.39072,351.708192,275.2192159,-89.69212362,1.076350744,1.362613689,0.395764867
-1673.182805,-1115.950326,-272.1379899,57.25681737,21.13929523,2.127900478,-0.098274147
-4791.179055,-2871.090627,554.0517737,-9.877008664,-12.00082296,-3.813146747,0.077321395
51760.24412,5623.82252,-312.5801537,-112.3433856,35.75530941,-0.43506839,3.700685833
16333.86521,2169.879886,-74.39140435,-50.76151071,-20.62067715,-1.456820629,-0.222023636
5374.232884,-1301.648209,208.7363276,-71.25774193,-9.530971485,2.014735086,0.453602308
-7453.180104,-998.1193865,686.0765327,-15.62539284,10.32332671,1.995560856,-0.253155794
1365.266202,3870.730931,198.9180369,-39.28254433,-9.379200173,2.103513124,-2.91875293
56106.7695,-2620.412349,-231.8382797,63.62589973,6.977107597,-2.276917381,-0.77601939
-10931.45184,415.9006614,-420.2428794,-2.725721513,7.518332953,0.368944112,1.015402113
-732.7659014,-31.47181521,-433.3454291,169.7632982,6.755926099,1.38801656,0.793100886
-437.3483316,-648.4067936,-254.6709442,-67.3592239,2.097191113,2.311439805,-0.21701952
3460.017324,-2800.854876,60.18154682,-7.579903142,-10.18243557,-5.009553896,0.677213606
-23106.67355,-1165.558839,169.0348231,-43.63964313,21.34533359,1.834124094,-0.02805227
-957.02478,-1713.361466,400.8139537,-24.72183528,-10.15646632,-2.584655855,-0.914189389
-13720.06778,108.8428859,-441.1569454,133.5473379,6.849807122,0.937694475,0.956078768
-6037.609485,2115.478242,-324.0304401,-68.5124509,1.672925372,-2.228767825,0.076508824
-43227.24505,-488.9597986,-88.06146484,-107.1231453,-15.83175612,1.223525546,0.782460407
56689.23958,111.4119824,340.4021549,151.6164922,5.648046765,1.151676321,0.644335895
33909.01783,292.3734945,373.8388206,56.44648111,5.549383567,0.655037493,0.675642465
-9382.499834,398.0307551,-417.0814191,-104.7651069,7.555127481,0.046790261,0.983785332
-26083.63802,4503.5557,166.2804981,-21.46056334,21.42018268,-4.630566245,-3.097662859
-6576.872352,101.5809183,-446.5484247,63.56934593,7.015830731,0.659783726,0.960078558
-10064.08546,-785.7003839,269.6590094,-67.24690091,-16.96825776,1.77351124,0.548294033
5214.266899,-1089.239187,-290.1474498,-33.61599811,13.41561291,2.055443109,-0.075453856
-18224.17169,-998.6245941,167.2066273,-83.64419479,6.789479209,1.525662354,0.191228724
29691.86055,-650.8930022,-65.31044595,-78.96421296,1.037051673,2.576485456,-0.519110639
-25958.5946,465.8201387,-384.7436511,242.9120468,7.108658056,1.428610917,0.90693622
40688.95223,-1021.984606,-304.673796,-63.87561691,0.236087981,2.363742679,-0.127341007
-19818.02752,-2054.085458,-126.0956242,-21.5059376,6.479945424,-2.748084286,-0.745370217
42837.81784,5080.605643,651.3657724,-5.856452273,3.396814981,-4.29781556,3.039192666
37799.3951,-3507.572719,-44.26649416,-58.0580422,4.367731413,-1.723208419,-1.30992233
-17801.49314,440.2187183,-390.8625574,121.7462777,7.285692074,0.934028559,0.911333273
51748.10895,-985.3280498,127.1047724,57.67466098,3.089407388,3.285693514,-0.631277763
-36828.2897,-620.5666063,-245.0622655,-95.15590045,-23.49354912,1.768630737,0.833443206
-6190.50461,-2160.048896,-152.8253202,89.76001958,6.533514462,-2.293346127,-0.748433693
24333.96461,-322.7571832,-330.7545581,-91.58865007,13.43662335,1.666217355,0.168002156
-36480.61294,-857.1534043,191.6668237,-73.56018465,6.661647826,1.380825353,0.193867963
-33589.39995,514.0643436,-369.9716515,139.4271035,7.073340767,1.038609934,0.81464677
-37731.48646,75.39721413,-4.571536415,-52.34737952,-15.91377563,2.702005047,-0.354371422
-41053.0939,174.020481,-247.3142478,-117.9747306,-22.96679594,1.500346054,1.081310059
-24713.67986,2814.859053,-317.7077603,31.7868277,-19.3608502,-1.124004403,-0.733365622
48896.12162,2251.438907,-409.5342984,16.8197671,-18.8869824,-0.68991961,-0.931629203
-2006.231779,3258.180505,-211.6115645,-76.08981634,-10.36244902,-0.399713522,-2.045499687
1681.256455,2918.401975,-105.605902,82.3107627,-19.38061106,-0.888944581,-0.939340379
48142.6588,2959.048064,-435.5485654,119.1536009,-17.48084161,-0.582470109,-1.535133085
-37403.38781,123.9581134,-253.6022895,-102.5900393,13.00013776,1.255882962,0.283423563
-42359.60814,3654.896486,-328.1003238,106.6213813,-18.02128531,-1.227181166,-1.256357624
-35651.36572,-785.4630442,720.9963003,-4.379610847,18.13121076,1.623752221,-0.276127233
641.0587202,4764.315424,-10.01639542,44.44351767,22.91913069,-4.359134661,-3.547280613
45733.37613,-928.4216713,134.7327905,56.78223748,3.07377507,3.191169342,-0.557694209
1442.660678,-1663.522736,-234.1007143,-80.17493497,-8.00290726,-2.605195472,-0.77560809
1862.849914,-906.3248955,679.0807723,-26.14234237,-18.30060902,1.990709338,0.419630544
37352.26882,-1546.290441,167.7451873,-55.84686573,-9.333165599,2.267620337,0.378899488
-5618.095472,-431.2156252,284.2725983,-76.53660804,-0.23632974,2.486898281,-0.501439027
-14495.69222,-1870.94003,-354.3816613,-8.595884222,-8.353413244,-2.068578055,-0.599592906
18009.91649,-24.55768645,-469.6216103,9.0294804,7.295193078,0.287864281,0.996379656
12744.77408,2344.440916,-332.3947509,37.83420401,-19.5724458,-0.817727883,-0.03485565
1968.177988,-1295.62587,213.4159126,-77.44974638,28.39868009,1.530573602,-0.341775407
-6114.603572,12.65295425,-429.0319583,218.7947484,6.708522852,1.542002561,0.792589875
-32173.52753,-70.32590259,-20.99953601,52.40941444,-16.10855133,3.110880204,-0.268725217
43443.06853,-510.2634859,444.8762594,-47.83503984,-13.03530521,2.308133437,0.312116981
53178.78995,-4109.61039,-283.5140454,-41.25223032,17.19263516,-1.076272353,-1.082746244
-32208.5222,-73.40201338,-17.54375352,-15.70181197,-16.08925071,2.884923448,-0.275507832
-18148.848,145.5290374,-418.0932019,24.44985002,6.825963362,0.540124986,0.89102039
-3525.518276,639.4083743,286.9383225,-25.04045055,5.898446859,0.984460434,0.483812899
3671.555189,-1254.02244,211.3262873,-59.06163588,-9.482371971,2.000818471,0.416523127
3425.455154,2598.915972,-355.0301346,70.2798912,-19.19793351,-0.782908332,-0.824288125
-24481.51437,167.6365645,699.0658431,187.1018857,3.189166524,1.163009138,0.53107652
58203.89174,4420.246989,511.3790821,-33.03445607,21.61952126,-3.250955461,-6.442046433
-25512.95805,165.8659284,-401.6820837,160.10346,6.617039068,1.173639768,0.857803927
-42863.44313,301.6136935,-368.3714635,270.4580712,6.416321213,1.518936158,0.832984469
43494.49725,2952.690331,-426.101649,45.95229881,-17.56861643,-0.704691782,-1.623084245
-30803.62229,-880.3954749,182.8146561,-78.65280642,6.750334633,1.47483258,0.184375201
-27062.17856,-2051.889545,716.7684909,2.45630632,3.714461601,-2.486542649,-1.057248927
41035.11482,-1579.592923,162.7809701,-49.39719518,-9.322656817,2.328466799,0.348889034
-18503.16897,-917.2760151,-256.1485991,160.5067553,-15.85831641,2.756595233,0.734076777
-24060.2662,-2231.124151,157.3831242,114.1955741,-9.919134085,-4.944150441,-0.080542684
-17438.93596,-3436.424945,691.701341,37.31551176,14.20101141,-1.438399951,-1.203105143
53026.86001,-1288.155473,189.3189072,-48.14583267,-16.61765245,2.285409226,0.350454362
40779.12541,6507.757209,641.3618349,-64.64034885,27.25221433,6.57673299,-2.539250858
-7388.859387,-1251.854412,150.7789532,-74.68319613,-11.46649466,2.071709202,0.647352119
8995.166849,-2640.050809,595.7857109,-18.31247106,-11.43872399,-6.04732803,0.581811251
24021.68032,-1367.338689,-291.7883009,-77.30787488,21.22229862,1.954665352,-0.226405316
17101.24496,-3436.955594,-30.51010194,83.81635593,4.024759537,-1.197379037,-1.252738472
14618.18041,1362.176391,-201.2066218,38.45546147,-1.892839698,-2.155349859,0.64797733
-15404.93056,132.4797754,-423.4120863,181.6794423,6.78012661,1.219207366,0.836262584
-10599.55715,288.5630117,260.5650255,-74.51592342,1.189260847,1.417854619,0.455265689
-3369.219534,2664.922216,-345.3274045,47.69540379,-19.19991423,-0.900437757,-0.781188118
62329.30536,4454.855517,542.5719683,60.42805217,-8.244141206,4.491802738,-2.82022086
-1335.676358,-1796.790937,-357.5603884,-9.722091842,-7.966832204,-2.44571205,-0.561863401
-6584.054097,3207.909729,-369.3855624,106.612483,-18.14876347,-0.746793773,-1.395604382
-11460.8577,-331.1794896,-9.726136554,-95.21670806,0.786638144,2.297611743,-0.358554351
7216.770235,-2189.778858,670.4020283,31.65747668,4.172826781,-2.176988989,-1.20733041
57305.95487,-2878.490736,-90.04989723,11.95407227,-8.947079368,-4.776991923,-0.262847391
53643.74031,-1663.861527,79.90108222,-27.87468026,28.96845633,2.063312513,-0.472748071
-23221.58748,-669.8252498,275.7540237,-57.95189006,-16.99313607,1.550595891,0.71338171
-31972.31001,-590.1399096,209.3574575,-91.33949991,-16.76459553,1.322641865,0.757394916
24143.69681,-1366.367576,-291.389146,-88.25636352,21.23095363,1.884032657,-0.216407196
-1135.184846,528.6084773,-392.3328754,-39.82633458,7.847949518,0.49705771,0.873217277
5111.191462,-1574.623259,329.9569036,-35.37851773,-8.551881523,-3.668158557,-0.734285111
29328.33468,-421.9067729,460.0791542,-56.45251303,4.824887511,2.521440439,-1.129717547
-37762.717,50.99820084,-11.90758232,13.98279011,-15.97422621,2.953782662,-0.288592796
17781.4453,-2109.352232,-384.1399496,-64.6226608,-8.141682804,-2.352620804,-0.656004337
2416.08985,3672.278744,-229.0028669,175.0218188,-8.543678581,0.639582949,-1.978155689
44408.99535,2738.323075,-275.59559,89.43677555,-18.46791798,0.33824731,-1.904507078
3561.774012,149.7885065,242.4189335,-68.862898,1.217378798,1.617610239,0.398978116
6140.811213,3358.364806,-223.2837066,-62.01981798,-8.995027377,-0.431299766,-2.059016763
-17093.71831,-994.8670839,-255.148589,105.2866816,21.02866676,2.183774423,-0.059206487
-5486.216282,4217.134731,173.9391716,-76.16922172,21.22272677,-5.206432442,-2.801182437
13874.87132,-3453.724789,-182.154926,-67.11614839,4.489642539,-1.476514431,-1.264605434
12166.63388,-88.90657157,659.9862126,68.1246369,3.508025052,0.913650826,0.460999354
-4594.462538,-1015.981042,-277.0669141,-8.600404002,13.33924692,2.069738963,0.013567694
13863.82242,-3083.74673,630.2349391,17.26516337,-12.34658211,-3.18359651,-0.02987781
-10821.43006,2531.762519,-298.9257123,-38.26681629,-19.67757784,-1.248653307,0.04192261
7284.527372,-1197.134632,-269.527604,-100.0007939,21.20798834,1.673844933,-0.141856072
-17796.9905,-27.12189048,-278.2021186,-83.83843778,13.11728731,1.461465548,0.287241479
30310.35669,1312.771571,-174.6410082,-23.73147314,0.260515593,0.265827913,0.469153462
46331.44847,4612.896901,54.87670128,-14.6116478,-6.663626263,3.811504488,-2.973878133
11915.82275,-2161.439631,-386.6536376,-30.44946208,-8.352194296,-1.963986277,-0.673833667
-19285.66089,-2253.75206,675.8642705,197.9119117,-11.54404588,-4.616190177,-0.318742644
-32229.79164,-105.0417898,-19.42332075,21.20694673,-16.16583301,2.882456116,-0.178694065
-6398.203041,-3157.312665,9.39829006,-19.3505275,4.100076521,-1.837467318,-1.159061838
-10786.07501,-1574.361959,-226.9600156,63.92558545,-8.140556384,-2.221554871,-0.703639547
5676.023026,2861.561469,-94.96497221,-111.0605076,-19.35055096,-1.593808926,-0.839563521
13530.39378,-2140.037772,-128.0473228,-75.39726147,-9.069859682,-2.384800459,-0.690151912
-24422.04636,273.626349,-423.0560771,43.87583547,6.979438897,0.410071206,1.001490189
-40410.74983,-691.6625669,728.7612337,-40.19865195,-18.76198801,1.632042756,0.573288347
-12105.21315,-180.2510504,387.2464104,16.46681934,3.769927357,2.270963174,-0.675515895
-7412.352153,672.0509071,293.9161255,-86.53922327,5.905659688,0.717957069,0.480354278
-20821.29628,2217.673426,-313.5806936,13.59089517,1.536956594,-1.901818278,0.034642169
57511.525,-633.2837792,427.9777438,-45.25153668,-28.97527442,2.504153985,0.703435196
5194.769809,142.7268809,237.9491024,-80.39210315,1.246269396,1.568240095,0.317633447
-37340.24612,35.35337344,419.9988459,-62.85848918,3.693065377,1.738357387,-0.600834935
-30634.98981,-1846.463697,-332.5195417,-23.19505954,-8.651664483,-1.994371772,-0.671932347
3739.729529,266.3066912,-425.4642826,251.1537777,7.359026017,1.576540553,0.871726347
-10680.16566,18.57947,769.2430973,197.0908306,2.913588757,1.334516238,0.513938857
-22016.35358,2461.847846,-307.9019614,-62.99442597,-19.97687584,-1.599589245,-0.022726836
58445.68636,-366.5792875,448.0373971,1.931394028,4.472302145,0.637298935,0.529419056
-38959.09893,328.0541846,-393.2995736,172.4566037,6.663456672,1.024297368,0.86907121
8404.391927,-46.26566138,-452.470498,164.1389706,6.944501114,1.288355934,0.751664262
37774.98204,-2528.941706,-199.6359207,-40.52060105,6.788656693,-2.385397239,-0.896151026
56180.98403,-409.9991486,-516.8414637,129.843527,7.287944327,1.393770755,0.719042978
18806.91678,-1317.777028,-285.8224822,-87.4405588,-15.77442204,2.193387645,0.558728531
9721.563836,3887.261346,112.0395595,-51.04283485,-8.931096099,2.260800187,-3.270317572
47919.62146,-1080.08285,-361.797402,15.24285687,0.38358089,2.713786332,-0.148267983
50401.12664,-990.2142766,169.6287111,-60.28967496,-31.00195218,3.44210961,0.086378492
-9325.475619,4987.606809,743.1548479,-84.29410819,23.02568995,6.752171164,-3.492636759
40208.0694,-1501.741296,-316.9131494,15.91041231,-1.723912383,2.5704307,0.25197082
-44483.56469,-1516.8354,-158.7199536,-99.1048672,-8.743571665,-2.394192008,-0.769781329
-25617.06837,2257.162519,-300.6851222,-123.1165498,1.558938829,-2.413946313,-0.015127068
9271.7283,-1808.685347,-247.0383073,-41.43211286,-8.13212418,-2.388022261,-0.76329756
36221.22824,-1547.311588,169.4412587,-61.62989716,-9.357136147,2.280575694,0.371940236
56202.46113,6363.714435,-142.5660739,-16.73445275,-11.34865809,-2.086602683,1.867596449
43039.74753,-576.2451815,624.0188187,-18.75085533,-17.76131352,3.37561184,-0.739982231
-37030.69082,-793.7837237,-240.6165924,-42.33206295,18.10560749,1.729488826,-0.104274839
4743.060114,-75.13593368,-439.7911408,160.9120022,6.790673754,1.38016366,0.784116612
54254.07859,2851.368038,-432.7530811,-71.87262186,-17.49546965,-0.950916124,-1.654270233
406.121907,-992.7933011,681.4005076,-39.19244793,-18.49898426,1.890314332,0.416630012
14709.05198,3612.711417,-239.1392173,50.13290875,-8.34615419,0.008946382,-1.928895137
-42234.18904,-156.8628073,249.9753376,28.17031323,2.708669137,2.49195298,-0.409555661
-3066.537795,5.741335626,-452.2849854,87.55625475,6.892944224,0.946238968,0.902768093
36642.42736,-1637.58568,94.75133249,-61.31623053,21.69830837,2.147274783,-0.200720183
12465.79775,-17.23420934,-456.4022294,42.91126409,6.152107682,0.684548256,0.867529906
-33308.01233,555.2404746,-364.6230321,27.2556183,7.209470098,0.58024472,0.897306798
13849.59532,-100.3135268,657.8848028,67.87163032,3.521450595,0.920926281,0.444035061
7204.083232,165.1493031,-421.6173671,144.9652657,7.265782583,1.434379864,0.825153419
-31798.69652,-228.091153,-3.804053384,-84.21723453,3.608071552,2.318390076,-0.428818478
-37597.39157,-528.757837,-95.58601627,-98.16065433,-15.78718341,1.302754982,0.797231546
62761.83868,-1264.970843,-223.6927795,-59.46297531,-15.10563926,2.276703429,0.436199295
5664.037387,-1117.399821,-279.112823,53.62894888,13.29167636,2.347739258,-0.003921587
57298.97791,-3133.121096,-22.87477096,101.4043876,-9.692819617,-4.369726369,0.528516912
4584.048346,-2644.711327,664.1436758,45.59975681,-11.76243495,-5.124542249,0.531584641
-27333.1829,2715.913537,-44.54472774,-22.76053681,-20.40945283,-1.226380878,-0.261681791
-15404.15282,-710.5209371,-123.6980496,-94.57912015,-15.67112982,1.473178623,0.760355736
5581.239824,1518.566569,-146.626213,-61.42954253,0.161594875,-0.314720366,0.425648941
-17333.49851,-876.5856073,700.6847736,-59.36151708,-18.62372502,1.732781007,0.530424151
-28605.10438,414.8931547,281.1434166,-93.58329582,1.062584565,1.263707925,0.402255851
-39073.31196,1046.166343,365.2567108,-91.65930854,5.865644002,0.911438065,0.095208172
-19399.68429,429.6025827,-395.1956043,247.3844476,7.182512102,1.409162979,0.920719738
-1917.086891,-3161.976053,16.52534623,-14.2157909,-10.83642198,-3.1183938,0.462855322
27022.78265,-2535.45934,-32.43620838,-13.30600528,6.051937089,-1.910405209,-1.011298904
-18586.58543,-2537.152847,76.44686315,4.599448859,-10.09955039,-5.232893063,0.805705154
-17454.75227,-1199.720807,163.8362126,-83.4576587,-11.57667268,1.994108744,0.658599824
9322.204322,-1245.341368,-272.3947075,-95.04809232,21.15384928,1.735809113,-0.186840919
-27446.09558,411.7207083,282.0692986,-81.02692529,1.068398029,1.249826516,0.490382345
43777.81956,-1424.54772,-322.7557289,-52.39386433,13.54260314,2.249693269,-0.141753526
27522.2176,348.8446532,376.1375839,170.9816385,5.485004876,1.019333655,0.737372596
-38341.72919,3615.168179,-319.3227176,-29.64927778,-17.98354193,-1.60014292,-1.328865562
23890.04918,-1319.234515,-296.9722822,-68.85893361,21.32702985,1.808347574,-0.186210652
1729.519809,-2732.214655,60.91264698,-36.74528291,-10.05928444,-5.872126571,0.972118277
-41253.20661,-788.2214,196.5852849,-90.76207198,6.70698707,1.307539595,0.167808143
180.3968098,-62.58391631,665.7931906,230.645898,3.242959212,1.542607595,0.438589653
17280.57493,-3506.256741,688.5932958,193.5196831,14.58522892,-0.785956261,-1.721201792
-2299.315287,-1139.714012,-257.8948505,-93.66399685,-2.874418644,1.848920363,0.442857273
15882.62921,3558.69278,-243.8838346,113.7390103,-8.452035046,0.505417838,-2.036392273
-19958.94993,139.212779,-393.8542779,84.92762205,6.678831839,0.84189224,0.911182812
37593.40146,2328.259451,-393.2988691,-23.77366962,-18.95684796,-0.798759219,-0.88454223
-43647.69877,-2943.130651,46.66169151,69.47211034,3.699737428,-1.717183296,-1.122164716
-14072.61552,405.0588977,-389.1955055,34.7386931,7.323249383,0.732482935,0.854302017
-21271.78275,-3516.723272,-188.3633681,-70.67408016,16.78065781,-1.679679847,-0.863548056
-35959.07917,-2001.490211,-77.67446952,-5.683846711,6.135938394,-2.425889442,-0.87435859
-11639.94818,-3327.17408,-159.3138932,-4.053009056,17.19285976,-1.581766033,-1.179369121
3024.473673,1966.354535,-340.1119992,-57.69514748,1.575822588,-2.339199123,0.114400255
9892.398886,-554.7338674,264.4537281,-70.49043712,-0.154461416,2.610396688,-0.577142769
-43408.87882,620.513342,-361.7518261,182.8955875,7.063097009,0.982404883,0.936651483
12913.75994,-81.73342285,707.9786738,111.053776,3.361827881,1.036155867,0.426150861
-7589.826655,-1957.939462,693.4718014,5.919439245,-11.68176989,-2.367633071,-0.774130079
-24032.4647,220.7827458,-414.3629674,98.6154413,6.824816895,0.731967865,0.950826022
-12501.6108,293.0635919,259.5668092,-7.287975699,1.132075061,1.627505944,0.498167988
30567.68353,27.31001262,-456.4115395,194.3261283,7.483267845,1.508420323,0.822345086
-10068.25871,-839.157957,-284.0755284,34.43265281,29.58686649,1.947334712,-0.306628072
47207.28409,-2798.069692,-77.14613552,8.017395967,-9.003693094,-4.863571604,-0.237445884
-7699.192827,-1600.942768,-231.9070104,65.08902642,-8.123984173,-2.193524738,-0.707732855
-25090.63504,-3477.799754,-188.3980822,26.07064561,16.73779083,-1.367918277,-0.88117967
-27336.4245,2857.814356,-314.9745425,43.83509923,-19.33728148,-1.101876412,-0.747401583
17737.96118,-2191.113893,646.1029268,314.7878943,4.273597389,-1.172097946,-1.246548037
62751.00766,-878.8182153,-134.38298,-8.933443778,3.34445533,3.352286036,-0.800979163
17481.77306,1949.947345,427.0825428,-2.447433519,-0.626489311,-2.209609976,-0.160135454
8370.670014,736.1822501,-467.4348736,-8.951759271,8.647993147,-0.19201335,1.354766909
15164.27219,3033.170164,-391.9161723,10.22949288,-17.99499346,-0.923486395,-1.507072975
-17086.65824,-2552.097601,74.52439612,5.199483799,-10.09714728,-5.218585095,0.798882811
11763.00776,-982.3566651,241.1192461,-26.61146543,-16.90509505,2.08441477,0.559219032
7977.568214,-1193.619066,-275.6396457,-95.03340623,21.242482,1.648342095,-0.171772734
-8826.415949,1898.539907,-323.484435,-97.44475982,1.206374289,-1.976007307,0.141313318
1862.763483,4715.987677,-5.890490326,-69.7400288,22.89581077,-4.47972512,-3.568435519
30264.82324,-657.3797367,-63.83188622,-63.00041378,1.020804159,2.686181127,-0.554687054
22194.92877,-2870.796108,24.32149664,240.0189049,-10.01192951,-4.068939966,0.656541845
18255.74061,-2092.993328,643.5632583,354.908111,-11.52735741,-1.021693202,-0.835336315
15864.8778,-952.4597699,-164.3403363,-68.44366014,-15.4926843,1.795278857,0.618432433
39448.46113,5196.928564,-298.1574686,-110.4763231,10.64783392,-0.137914799,4.050684795
-30734.3598,-598.9606975,194.6437037,-88.5173491,-16.71628515,1.35790273,0.732340807
-16462.05632,-990.6257077,164.6977451,-77.07731435,6.840113711,1.532379826,0.16944311
-7525.342165,-1060.762226,152.9800464,-67.60653929,6.889964422,1.677085007,0.12567279
3653.673784,-154.0287091,-304.1335021,-105.683651,-22.65911697,1.813714466,0.974952191
61385.51499,-1363.709828,178.5229624,-42.89200186,-16.58864264,2.368049359,0.327867248
55776.12548,-1575.117581,599.8925332,114.4715965,18.48435321,2.673845291,-0.548657567
-8844.079386,-74.48718835,-288.353903,-107.4571227,-22.76481611,1.766636933,1.029008055
12786.24066,-3528.108957,-186.5284248,-74.4002982,17.34769488,-1.634328597,-1.218272513
-16975.67668,-643.9375663,-122.2350289,-82.48476035,-15.57789091,1.60525097,0.705920998
63333.68298,-481.3995911,-513.9152499,51.30859859,7.305384587,1.247166797,0.649782611
-18485.4827,-304.7714242,301.0118912,-86.66918177,-0.259280779,2.439057347,-0.520394441
27752.00352,-169.351865,-481.9344489,167.4776336,7.137754345,1.288797935,0.86263185
15904.42822,-884.8985574,-163.0545317,-92.74521574,-15.34835579,1.71196513,0.626744814
-33609.13513,547.2063526,-369.7311352,136.2546052,7.140978785,1.009780431,0.875512932
8349.318781,-932.3932586,246.6820697,-71.0548974,-16.86093768,1.888662413,0.503238457
37744.58689,-2579.409333,-173.0270764,26.84676235,6.571733931,-1.860996116,-1.004693627
-42438.20747,639.6647008,812.8034659,217.6860592,3.439888691,1.077801328,0.619205469
-37792.24026,-11.486778,-14.69941242,68.22454006,-16.11933692,3.094384358,-0.254527881
58759.71854,-612.8753052,-374.5105929,-85.59597119,-22.38912951,2.262053474,0.819985198
11255.04863,-3785.321085,-229.1798114,26.598882,16.89339107,-0.958793764,-1.059604419
9384.338387,3164.908242,-230.3806106,12.25854287,-10.34042961,-0.071894132,-2.059394394
44770.1653,-3188.61056,-10.55802567,45.07994866,-10.02744862,-5.04670292,0.967824323
-33155.96172,814.8470593,-396.894459,-22.91167203,7.851476205,0.005204397,1.074955513
-8711.151984,78.02924218,-436.4714832,154.3319735,6.850463325,1.011092495,0.92401088
65516.89454,-1062.716659,107.0793658,112.6150154,3.211305014,3.522050424,-0.649587121
10704.93159,2368.257034,-331.5414825,-47.49274729,-19.52084902,-1.217606272,-0.046969757
-19755.59312,181.193651,-406.8726167,1.535790429,6.850103802,0.4668275,0.8858102
12696.91018,-1904.721093,-375.7010114,-39.84228009,-7.860485309,-2.439415511,-0.626895501
48528.8672,-3489.802754,-45.84147554,-13.75671942,-10.40881384,-2.848842352,0.331943205
-10087.74008,-1226.372459,154.2101694,-74.75225078,-3.476658967,1.926293094,0.491533468
-34877.88637,695.006765,459.9539078,0.261294602,4.895909119,-0.07920677,0.834395738
23126.31842,5499.723749,481.2992413,-64.67257267,-1.501539915,0.12777354,3.623240292
-23669.76321,-693.4294936,287.7639583,-87.44961017,-17.07006661,1.572542189,0.625755223
-21657.49611,3165.865592,-106.2291868,-16.34804972,-19.2504971,-1.341868348,-1.286318465
-38992.97317,288.9425516,720.090006,132.1774825,3.139451007,0.820518323,0.649441602
-20053.70212,-864.040549,-243.959082,-39.83569805,21.28033959,1.611821088,-0.018059444
24088.72299,-1362.936005,-291.2529237,-89.48929795,21.24246565,1.831598531,-0.171820319
-22451.66731,4757.769945,23.37546706,-48.48102781,22.44214196,-4.77153288,-3.4001231
-37904.4909,389.4361439,-400.4349943,-68.58876835,6.956380229,-0.152942045,1.012301585
16044.87906,3232.16361,-397.5793865,8.27176325,-17.56712454,-1.306722122,-1.423792944
-13627.51357,420.5634541,-417.7064927,33.71221698,7.452946422,0.56601003,1.007872405
-267.853277,-1290.728227,215.9789338,-75.28075205,-9.623303274,2.004073806,0.532103787
17693.61389,-2379.237181,-136.5687059,-75.85645552,6.553816482,-2.560286671,-0.905574289
-18969.8973,384.4576846,-393.9752712,-88.4669241,7.277601966,0.476962643,0.786424772
-31255.247,-539.6769425,718.5427115,-58.4533562,-18.2579825,1.611050267,0.488345062
13679.30555,-1438.689112,124.2469769,-74.35862041,-3.390456843,2.144574457,0.385032407
-44278.34531,-2626.535519,702.6415289,31.98293094,-12.69783599,-3.529825827,0.132952582
-18981.45672,333.2809837,271.5324451,-83.66334796,1.100716089,1.357421553,0.45530318
5902.982902,781.487094,-462.8531933,-77.4204856,8.711218262,-0.588747359,1.342573182
-2799.992626,203.424644,250.8042131,-76.35173854,1.189310205,1.528644266,0.41231037
33654.09146,5172.916115,517.0154787,-30.58035066,5.871521544,-1.21705333,2.410643458
5777.7236,-808.2177906,-150.4735684,-89.68190866,-15.41659006,1.815479618,0.533936596
-5409.68138,-1041.665322,-277.4373881,-41.36244123,19.28998227,2.03508535,-0.19209359
4248.739492,336.0445965,631.5814894,26.97788831,4.328747873,0.421929835,0.661403316
49738.71721,-4190.962834,274.0785514,23.470668,15.1947814,-1.147682262,-1.120506139
5714.242053,-3616.323186,-214.7240684,1.43060036,17.09936331,-1.364852656,-1.019636058
-39898.06512,644.607339,775.3509163,43.21072801,3.701309138,0.272434805,0.710841595
-15344.23719,-104.8219014,-33.78235785,-31.62530199,-15.79102629,2.94313707,-0.344632213
-30881.4144,-975.3991359,182.6261035,5.117571457,30.51050948,1.508227541,-0.273095274
-41869.42474,-813.3249883,197.4138744,-92.84644546,6.651083201,1.369224362,0.234765613
15286.80251,1983.584443,288.9300444,-27.21058273,-2.156884024,-3.025294051,0.108021025
-26514.75506,-842.4566673,-250.6539861,-25.28029653,13.22340689,1.873864271,0.047458727
-35781.079,172.2386409,-354.6223001,-103.8359187,6.440306767,0.5621471,0.709616374
-12020.64876,-1206.916891,156.2120271,-66.54233946,-11.48095253,2.039084225,0.642437934
62660.002,-1729.060113,-335.7453013,-73.71528593,-2.670900906,2.363907553,0.285096062
-12401.99032,197.4459728,540.2228389,-58.74637584,4.089046537,-0.031396522,0.718073135
6680.79226,139.9450806,238.5131994,-68.7221425,1.265419687,1.556649905,0.448850312
6920.528948,-1023.972067,237.0682841,-66.64244208,-17.04484675,1.712557914,0.591567053
-44047.8741,-2225.326554,124.3080067,12.19673194,-10.09325716,-5.500487943,0.624973965
-43285.37239,-938.1417881,270.8196375,-89.20251389,-9.846030106,1.571942385,0.62470815
18630.61501,-1968.285668,-379.3354837,-96.80445915,-7.844380926,-2.603423853,-0.651733679
55592.96166,-1221.891931,-214.4600712,-64.1812333,-15.17219243,2.138232131,0.483639517
-19425.3531,3463.517731,-343.4052881,-24.06791125,-17.88086262,-1.434248579,-1.405515525
29769.52096,-1410.163774,-298.6258808,-85.06755028,21.26452475,1.88213723,-0.220403283
14883.63817,430.8777516,-328.632751,-33.81951712,7.729132556,0.301053698,0.901246675
-37986.58876,382.5543343,-404.8199253,20.60604531,6.911951435,0.210136756,1.038104204
396.656397,-1342.936159,141.0267261,-74.47757693,21.50571303,1.846567276,-0.155795398
-14779.29204,82.38812048,-415.3932888,164.2774399,6.680919396,1.267422643,0.817841865
-32814.52774,3747.444239,-326.8619592,27.93403389,-17.63063814,-1.39687589,-1.327471717
-16640.04101,-755.386664,279.5180249,-79.63494705,-17.04689461,1.669478036,0.630747051
50099.172,3.383164681,-507.0390871,-80.08750537,9.085438479,0.416256961,0.85852306
10540.03673,-1270.981765,-274.1572026,-92.50796211,-2.863647598,2.01597391,0.368090846
-19316.5896,-810.9313342,271.596599,-56.81596038,-17.19266001,1.595865463,0.681164728
-30579.9036,-3530.972755,46.03300693,-61.82722014,15.84998092,-2.314339502,-0.721399011
33714.94265,155.6468393,373.469305,4.093939783,5.306060354,0.410265712,0.693431655
-28832.37137,913.5165536,131.1458207,5.343387403,6.461491633,1.032220188,0.498606989
-43770.27589,954.1742513,335.6945139,12.23387917,5.636369857,0.878674366,0.53428913
-30297.43352,-3431.23323,-182.7172192,43.59024165,16.70558638,-1.37197817,-0.920983393
-3120.607737,-671.0539197,-249.1922621,-70.97843841,-0.004866837,2.068655164,0.005715827
28890.06281,5617.406545,190.0275129,-43.45787855,37.73451108,-0.649360732,3.713612974
-17368.53198,-1841.184438,-348.5359543,-32.87106631,-8.351723764,-2.384051814,-0.571146597
6665.759728,2448.906249,-86.49830556,-59.0139717,-20.1901536,-1.214022392,-0.338739637
-22227.9967,-1910.810427,-151.7853619,-24.543964,-9.19202561,-1.972965643,-0.703970509
15188.74661,1302.979417,-228.1788041,-98.67726128,-1.844740653,-2.799042822,0.770093178
-21511.79839,3309.906297,-360.1452097,316.1617578,-18.35078666,-0.023064466,-1.39005962
1081.702323,1634.21996,385.0610626,-84.4767857,22.67226133,1.709338682,-0.488247703
-40079.21154,-930.7043539,267.0835879,-94.01581104,-9.760799852,1.582962405,0.628240399
13824.202,517.275974,-411.2283145,-74.59642635,8.161960199,0.528010352,0.759411793
13988.57675,-170.6789124,-452.4597916,180.8076891,6.787840112,1.51686262,0.725638552
-3180.220881,1166.708166,-386.2549083,110.4086192,-2.040150022,-1.297364225,1.142277109
13482.03015,-109.7901223,-475.8387509,142.5634549,6.993773346,1.144012346,0.852963495
19885.55375,-947.2300061,231.7923209,-60.95717138,-16.64509794,2.003399414,0.469799067
16658.56789,1063.790917,340.9803421,27.40419499,-4.127486126,-1.486650444,0.654000234
43164.09825,-2731.9693,286.6349463,124.0299563,-10.14566449,-4.462296048,-0.547712703
-16130.62297,-3167.424452,13.03961745,49.36387859,3.861298919,-1.535905962,-1.147207891
-26538.74695,-615.7877616,-110.0600882,-86.96577876,-15.73148263,1.411527675,0.738404571
-29306.42318,-3434.160466,-183.632966,37.1597609,16.72319419,-1.408773089,-0.932625943
-29489.94633,-760.7776469,720.1902303,-62.80057157,-18.66824702,1.644644445,0.540112199
26049.62255,447.3247885,65.23108908,1.667800347,6.716505624,1.684748437,0.265774848
12280.59043,4888.061918,98.39368056,-27.90583885,-6.846852328,3.517997482,-2.900177608
55724.2546,2118.250477,-420.2332831,56.13879642,-19.01622122,-0.443425838,-0.845805484
-42933.45063,3139.192751,-161.0941614,-71.79335432,-11.48921222,-0.407354316,-2.22017018
-24584.30597,-2076.296341,-91.01156179,-44.52610259,6.255491665,-2.521823352,-0.857744496
5714.623131,-1364.011188,124.9615717,-27.42647984,8.590101362,2.282459152,0.0952826
-28809.99001,-18.3339844,-22.98743274,10.37159714,-15.91761778,3.006138411,-0.320669837
15137.70185,1301.77079,-231.8250813,-24.78140119,-1.8763743,-2.559598224,0.790935757
-19766.15577,2601.011795,-287.6708767,-38.34600602,-19.73813558,-1.316707155,-0.013230121
14433.15601,1883.620905,-355.8261467,-30.31997722,1.646657596,-2.174602243,0.106954447
52187.86785,-568.5252499,-366.274209,-85.2225575,-22.43953699,2.25963629,0.883865322
6070.014608,-1194.019196,135.4588589,-60.18171095,6.911205288,1.800278343,0.072496484
-14940.96774,-1047.084452,-241.7328152,-97.54070786,21.03012224,1.550951062,-0.088779339
-32083.28725,-133.6503985,527.6783042,-51.56575459,-17.88732024,2.729511632,-0.3769242
1562.725723,-1149.51685,-262.7135579,-92.25427117,21.17578668,1.659159039,-0.143825005
23616.14656,-638.9708619,246.4661428,-55.28148097,-0.032146572,2.838638143,-0.669685172
57518.95709,2826.658861,-439.7236824,-14.77432321,-17.49515573,-0.771486903,-1.63436983
-18332.74724,-3174.99776,11.9478445,25.71155848,3.824525955,-1.59506534,-1.113160747
-13046.69968,-663.3454819,-126.0793869,-103.9854085,-15.52397164,1.637130723,0.636180672
10748.56901,-159.7589125,-435.7348066,207.5876849,6.685999899,1.677163829,0.70382475
-9678.723884,264.2035921,256.6593292,-80.21288989,1.171767892,1.451826986,0.40444753
18011.24837,-1474.270319,195.1616007,-59.81570623,-3.613143745,2.161602624,0.376387316
-33746.69696,304.2518812,712.6569779,150.7102357,3.274423861,0.783583532,0.641083061
-18402.06306,-687.6469928,-119.8693854,-95.74277797,-15.68986119,1.481270826,0.755148393
-9111.056063,92.35849247,-431.4345205,184.0818454,6.834625119,1.261958081,0.79631332
9622.22387,-1238.072299,-273.8034935,24.10787858,-2.878373655,2.321168617,0.424136817
-14747.57268,421.1351203,-398.0132695,167.9033778,7.298997751,1.144968196,0.88959926
-33119.98923,811.5912475,-397.2419354,-16.98991304,7.84349312,0.043835637,1.065488421
-33735.13245,300.0502433,-401.9612704,94.8229067,6.774252312,0.649923199,0.968215984
-30496.40552,-979.8037285,187.3901548,-59.74716399,28.52400383,1.350840866,-0.271460883
-17458.35451,896.1633998,-41.59732819,-7.450163531,7.168394452,0.599118221,0.293549328
46980.78844,-183.4737805,446.16919,-49.60947003,0.671659445,1.845083694,0.257175504
-42787.50935,293.0088553,-368.4842303,270.5285741,6.401481988,1.518533378,0.861634244
-40915.24994,-231.1801017,-190.7843766,-102.8475922,2.031704646,1.913863156,-0.121406816
-11608.01377,-55.45144884,-282.2987212,-98.37561525,-11.80276074,1.738980453,0.76186501
8307.517096,-1202.270802,-270.9290351,-97.61964615,21.22164523,1.665076367,-0.131176739
-9512.252227,-93.2032259,-287.771019,-100.8829417,13.17129195,1.462549936,0.264909109
-23357.33268,4388.508218,262.1210003,-47.52250562,20.96099499,-4.026516486,-3.188152602
-6728.681699,-317.2851086,-50.44226209,-0.365665131,-16.0234891,3.00401441,-0.191356169
-1292.059882,-66.87646272,-418.3580493,203.0095933,6.611585948,1.612808983,0.768378079
7665.126679,-3640.122387,-222.5570561,-51.30114391,17.14007802,-1.472852865,-1.022432423
6775.990474,-1034.577045,673.830201,-47.74111173,-18.43545842,1.906421461,0.476896598
-15151.96417,-1377.472409,318.918822,95.2297857,-9.561649933,-1.792855126,-1.731167145
-30071.61474,-586.7680779,-104.441688,-110.3200229,-15.74135139,1.318106074,0.728699207
38356.3649,4803.461483,-240.4477284,-107.9599597,34.62202783,-4.312131013,3.593293528
37591.90457,2265.206907,-392.8097706,-35.63658466,-19.08086771,-0.895553146,-0.828905247
15144.4507,-1754.764786,-176.6627642,-71.26425169,-8.131664831,-2.851064105,-0.747789353
6532.320049,-45.3402013,-467.9579375,160.0825994,6.969971579,1.141646569,0.908271124
-17300.94183,-1538.129857,-222.2372184,-66.9183609,-8.12851784,-2.594897755,-0.789015822
-39844.51123,648.3068102,-389.7113382,14.10642676,7.365583321,0.184467323,1.117056024
-23039.5329,459.2759851,-387.5315993,185.9373507,7.186729498,1.131923076,0.955192549
-38690.1105,2510.109691,11.62333617,-47.97422264,0.814446543,-2.224155694,-0.183918776
-16357.48282,2545.817474,-288.6643487,-45.11278947,-19.77434232,-1.33216855,0.09376376
35994.25532,-456.5836118,-346.0351492,-80.8393725,13.41897745,1.796502975,0.128146158
60728.99079,-3868.730024,-249.3609989,-22.96103644,17.67836902,-1.152230103,-1.488795757
-17136.53432,188.1209486,-425.5760359,149.9289799,6.889241323,0.914640906,0.970317984
-29223.85156,-914.9451889,180.4521619,-71.93201527,6.714037003,1.465255411,0.235372829
40505.06219,-3900.620696,-264.7424161,-34.01026867,17.32234739,-1.188534941,-1.127378633
23533.59143,-1376.383512,-291.4653181,-73.45048831,-2.799538309,2.184660308,0.353104365
-15235.83089,-919.6737976,692.009137,60.04188799,-18.70956242,2.397530232,0.43183185
-43735.49661,-741.1688845,-233.1969603,-2.145192433,18.05220346,1.872805424,-0.06009115
-29641.31673,2881.260549,-312.8963791,60.38868674,-19.34740143,-1.060774704,-0.768575128
-24260.97457,-3403.895398,-181.633006,-66.95052834,16.92626278,-1.71682379,-0.976999148
-7262.798969,67.75763576,675.7860625,240.5151701,3.333833673,1.418015592,0.493424063
14123.09617,-1755.310603,382.3083665,8.520796479,-9.936933996,-2.390434745,-0.927224898
-25049.92669,-3625.577844,-253.9507447,109.2271558,16.60531128,-1.079774822,-0.813786091
12381.96987,-2304.488165,-166.4647519,-4.240359011,6.661717399,-2.479876552,-0.887262355
-15090.74019,-1009.164774,-254.3621728,39.44245734,21.06870093,1.970899635,-0.069220706
-40758.26369,-233.421951,-191.0671021,-101.1833731,2.030008522,1.933572248,-0.1273825
29187.80519,-1560.056209,103.1319846,-42.35646634,-3.309393573,2.354259222,0.346203011
2601.852452,-713.4783475,233.4680454,-57.21357623,-23.49862072,3.19463147,-0.021541612
36340.89795,-1286.003137,635.8761949,-33.23604289,-18.30209627,2.168955594,0.390248321
52345.08866,-696.354647,-129.2579372,92.20756555,-15.54461989,3.763827775,-0.460775287
-7322.194939,-1180.609913,225.067016,-75.28840165,28.43058145,1.46824719,-0.28641836
-36485.62768,-859.2077634,190.227555,-83.225978,30.6659962,1.123161869,-0.268117475
30649.47753,239.3799356,-452.587816,-56.2694697,8.03311145,0.942174821,0.761394298
-8428.885644,-3223.395861,730.2668293,9.511237735,1.670789146,-1.712549784,-1.307416926
-13129.6598,-510.0489287,-235.6016715,-6.56395408,27.05380458,1.930910976,-0.567232567
22848.29851,-435.8340732,-78.04722968,11.66545786,-15.66532378,3.435509949,-0.532383826
-16119.65375,4463.256154,155.1221531,-7.686281066,21.54763432,-5.029173722,-2.88397171
-19995.04743,458.8159906,694.9139353,168.503441,3.871177055,1.011413795,0.617889864
1508.647168,4575.659806,-4.316622491,-97.11296186,22.61569106,-4.697140153,-3.507163914
14266.92445,232.8127733,-429.6915407,-66.54770218,7.657477987,0.3333277,0.863602103
52367.09508,-1059.070188,562.3650887,65.33047349,-0.404515726,3.005694071,-0.54382075
-33205.81786,827.1434445,456.7151491,87.71024741,5.151509228,0.277936604,0.838831124
29562.33813,1369.775208,252.7591445,-38.9388522,23.04031842,2.21665169,-0.509709094
-3936.197149,-2759.102238,595.4345356,-33.85600977,-11.87905442,-5.750428301,0.890893188
-3875.046364,3313.418929,-360.7910187,-68.40918848,-17.82946321,-1.33628466,-1.528212959
-29554.72651,272.4181568,760.7685899,84.52945474,3.165106256,0.555796952,0.554919696
40475.62218,4972.607207,437.7760814,-42.92620779,25.88546532,0.438193605,3.371537594
-1819.151256,-1119.444726,-259.7390997,-66.62213249,21.1579573,1.693394441,-0.071839589
8777.195729,-1110.434342,-293.456146,3.092712706,13.42712716,2.12782762,-0.03603589
-30690.3713,2446.403545,1.401523416,-44.85574966,0.859328434,-2.156895588,-0.201817282
-18648.674,168.5419762,-409.8681331,33.3474784,6.834486754,0.62353397,0.836673362
-24939.95731,-2559.56415,86.43879027,2.196640662,-10.28610062,-5.273779416,0.818640921
8787.676213,-2862.261945,40.36799441,-6.353115854,-10.14899477,-5.502242354,0.891850332
1039.231782,-39.79166744,-441.4483578,127.3773239,6.818387581,1.178440577,0.801956673
5952.090078,-1106.119294,-285.5044595,152.4817793,-15.71134351,2.874661428,0.627713946
-1736.621316,-12.64314323,-420.6207759,141.2535502,6.750820525,1.231052606,0.791152766
-16671.73386,-3181.345638,12.96401077,3.952517262,3.849277259,-1.738470317,-1.107644466
-30142.65511,-886.6314131,180.7188741,-73.44655893,6.753320397,1.505278792,0.178945222
7821.389998,-904.9848691,145.2299986,-70.49644398,-16.50451162,1.647834497,0.610747036
16002.12463,3024.728481,-403.8632548,247.2207055,-18.08707222,-0.044315639,-1.526136024
-22104.22028,375.1597885,275.4558917,-82.9697587,1.116435209,1.233910208,0.521560249
-19500.60112,179.1310289,-408.8552183,-5.256315596,6.860316604,0.437910899,0.886704501
-35785.80058,225.7007226,-388.8596186,161.4046508,6.513882677,1.121457451,0.877318838
-16857.3209,-2264.358302,146.0279558,140.7500047,-9.839254086,-4.790688209,-0.210127995
-22925.45039,-820.2528846,-258.5145314,-78.43927593,-15.60866666,1.780353315,0.720749963
3367.02885,-73.98465907,-423.2134607,203.9236844,6.688362612,1.566692705,0.709593221
3018.210523,-1087.484973,-275.7178626,10.8880922,-15.67701213,2.391495809,0.637767734
-3681.757189,2759.005988,201.160033,-16.72916884,-12.6961679,0.93041051,-2.349931871
-34928.26964,631.0743367,550.5335838,-29.92746992,4.507246587,0.080240008,0.749588345
-17916.2309,2589.698758,-298.9755004,40.90868228,-19.73553444,-1.089059114,0.013269959
47814.537,439.9228123,-518.3446385,-22.72096651,8.915662647,0.009469906,1.174915359
33426.62038,-401.1668915,-342.3847819,-88.01135647,13.4760499,1.698168653,0.148985364
-15098.07362,109.4514241,-435.8986925,62.95064124,6.84823946,0.770404119,0.908287507
47269.07931,-3208.45351,-14.30218278,57.03999687,-10.017438,-4.978634492,0.96287387
-10581.84315,-2568.69035,674.1727698,84.80796737,-11.9302057,-4.75740911,0.483161565
-18240.03935,-684.9007772,-120.4192607,-88.70911841,-15.68385519,1.537609926,0.730260113
-18857.83943,-903.6030892,693.9612891,113.3429,10.21543982,2.342632088,-0.214561471
-12192.66476,-2042.018035,696.273832,62.37853158,4.027346026,-2.177525164,-1.131951746
40837.93479,-2254.135991,-415.8508877,111.2700444,7.982209181,-1.852084602,-0.99289603
40760.70307,4702.391418,635.3476431,31.96937503,-8.424675185,3.772533519,-3.26471798
-43309.78814,741.2716824,469.5543267,19.65289179,4.804232699,-0.033960223,0.908047333
-11240.41093,1017.258785,557.192105,-37.14165126,28.66575228,-1.321234219,0.593985903
-39694.51977,5327.029862,165.2375107,-35.96039342,-7.097487495,3.155362235,-2.840624854
-16081.33651,-1164.812719,236.3352059,-84.44132538,-9.711046423,1.850760817,0.565378215
-9584.681403,-3192.977902,-6.706910871,159.9440797,3.927716222,-1.314604945,-1.073005033
-21516.63547,192.0471672,-414.5840627,159.3662483,6.774241471,1.071577129,0.822368133
24133.61391,-1247.176262,-312.7761556,-76.93957314,18.52813947,2.037420614,-0.23085679
1385.520811,1389.086509,257.2284098,110.9729316,-3.538806047,-1.620586995,0.544124036
29909.12928,-3013.512885,15.86150491,-7.096512618,-9.999384856,-4.85072865,0.62606508
56268.18418,-510.4960182,-505.3118344,173.8344687,7.028007316,1.815879734,0.625621127
65744.27197,-2442.219313,-440.2583038,-27.49833833,-7.799549168,-2.03643384,-0.747410842
-3841.287194,-1319.16134,146.1717049,-71.08487164,21.46656749,1.876161982,-0.068815887
30468.56921,-1402.266679,-303.5762161,-4.97935021,-2.722986605,2.440671209,0.377788595
-15238.85752,-902.3895722,-249.0724108,-38.70962873,21.30422562,1.663292323,-0.014369663
-8094.040185,433.6866862,514.2997853,39.82588872,4.661771996,0.409390696,0.694416308
3703.732612,-654.3383712,-256.4200888,-55.59670784,2.157111079,2.19460011,-0.132469665
15273.241,1890.920698,-356.7718283,-32.06149697,1.678865579,-2.178475156,0.058842061
-345.5558599,-69.6652663,754.5112026,211.3865586,2.954005315,1.499492855,0.436618693
-11048.58388,-2031.441131,-111.2743745,84.96468767,6.576379427,-2.1623868,-0.828575762
-18580.3282,463.0053697,-411.3720353,31.76619834,7.431159331,0.515071577,1.025361208
-10695.14641,-1085.891037,-247.2179355,-94.86137121,21.04385731,1.607201962,-0.096335038
4197.053603,4222.431436,126.3608957,-6.504958843,21.51741297,-4.049450975,-3.25015227
-55.2483391,-1329.292805,141.596145,-75.71774332,-3.469006915,2.038622589,0.417833354
57888.62286,4105.915327,-78.70322854,-29.08659139,22.872895,-3.959723006,-3.692063825
-1364.57234,-3563.923047,-215.7794515,0.287753844,17.08265048,-1.407382327,-0.993865565
-21423.10959,-1114.218749,242.0422191,-61.57449346,28.25410178,1.454953999,-0.225280264
1170.207856,2435.902664,-310.7411437,-103.5028473,-19.58967204,-1.427844095,-0.029782357
-27475.30746,938.7817956,-24.46665734,-39.08010824,7.045849525,0.557428964,0.5298705
-22756.92077,5132.442044,651.2924504,27.25959173,-8.721276518,3.774238117,-2.618014175
-19785.97474,-967.1192143,168.5883207,-71.36674216,6.813061565,1.553008203,0.173451364
-12808.98393,-3589.641399,688.8712149,-26.3531585,14.0230831,-1.33674062,-1.273801213
-21945.92859,-3642.745381,-253.5773676,24.20646173,16.67026732,-1.341820115,-0.853303413
50127.04071,-3598.70968,-65.24869125,-48.547219,4.46379626,-1.576255614,-1.35387827
-22154.70735,23.40947353,-270.9490876,-118.5766764,13.13684176,1.272207595,0.31051248
25192.64269,8732.882504,82.41361123,-116.4860527,24.24391154,-1.395797132,4.563681787
-30212.82109,2689.711456,-284.1111085,53.08324637,-19.80685996,-1.128833087,0.040881548
507.6248851,4586.526203,-11.65120628,74.26685288,22.54956439,-4.10055956,-3.517636982
-22241.48617,-959.0033841,-231.7942418,-111.5257227,21.0532568,1.395002593,-0.026108717
-11116.10359,-2614.080027,-15.19920906,86.68852061,-9.879749842,-4.781913951,0.726194305
-38024.58078,384.0544258,-393.9001385,63.38341805,6.857019249,0.420938572,1.004256066
-11787.19244,396.4949056,774.4071054,214.3490258,3.619392933,1.254474747,0.555865662
33375.06544,2300.777689,-381.4252618,-36.98996688,-19.11945496,-0.930165572,-0.822139103
4516.171759,-2658.041154,59.93600749,35.85713852,-9.898555981,-5.028194205,0.715108168
-13342.99481,-46.68089785,-282.4206641,-113.1648502,-22.80390398,1.703762878,1.068985595
-23166.32633,172.5572676,752.3740128,89.96666928,3.109261278,0.718951329,0.60459508
-12062.07789,-777.8674692,272.9477703,-82.96571994,-16.98932453,1.709436555,0.56973446
32477.46153,-1425.516956,-306.0757661,-44.19404164,21.28246507,2.076034347,-0.264137205
13031.51831,2553.457862,500.4549625,21.77291511,-21.76139156,-0.996089378,-1.06069893
-1481.146107,-405.6444903,-24.51574671,-90.45153776,0.858194983,2.391875127,-0.430332326
12750.20225,-3303.682775,-24.05920408,7.858538714,4.237015707,-1.61011812,-1.233305628
32090.66782,-3630.035603,344.1093161,101.5351905,2.730388465,-0.674096795,-1.431456199
2184.164861,566.202228,-440.9154464,-50.60036419,8.137343632,-0.073031933,1.071149168
-37243.65605,54.68636737,-10.83657398,-20.11196306,-15.94329849,2.842022458,-0.322644505
10145.7927,-2937.972072,578.6035643,26.00731178,-11.96605096,-5.423665055,1.029246528
-42040.65511,639.2480477,-359.8787123,112.2666659,7.161608989,0.725716537,0.967668777
26093.85966,479.0402044,54.76417209,10.70890001,6.803295377,1.405495178,0.383569332
14958.92442,1341.08336,-246.9523447,142.7927749,-1.843500932,-1.127507347,0.431968729
-22148.92563,4205.591031,150.759378,38.5252103,-9.032178164,2.518469082,-3.353055348
9850.447497,-1047.342312,243.5123722,-68.99397703,-17.05301566,1.744566853,0.626884324
-2255.419521,-3027.926916,513.6739335,48.13765073,-12.16595626,-4.092777801,0.613083822
9111.622342,108.524558,235.9847449,-79.69811324,1.258943809,1.601366464,0.376915169
18735.31087,-910.4277016,-166.8180758,-88.828518,-15.34038116,1.897917552,0.474466602
-1915.119951,-3161.575062,12.50964207,65.78262559,-10.8661948,-2.831638414,0.465946411
8140.082509,281.7522558,-449.81578,-50.6141002,7.704110326,0.364191876,0.911457907
-6388.564061,-1091.666849,152.0185902,-37.78583302,6.836459595,1.723811413,0.163854755
-18783.57102,3314.989304,-353.0864166,88.02540772,-18.19218603,-0.928608436,-1.387083222
-21208.38287,350.999589,274.5280879,-87.52571972,1.084404666,1.289573026,0.40979867
-20535.74749,-890.7112485,700.6345108,22.40428175,10.23969581,2.017338986,-0.217411848
14000.53557,4114.295526,145.835245,-2.922614597,21.41217292,-4.875701047,-2.866729874
-43654.05027,-1714.203411,731.0793703,100.4052429,3.99377113,-2.276171404,-1.069793107
1592.249453,2918.135213,-105.7296189,86.97518123,-19.38471474,-0.875271028,-0.931931633
-10789.91907,4909.210886,190.7051457,84.08728075,22.35195849,-4.29578954,-3.841267701
2530.706933,-1152.942247,-263.7220403,-36.41564335,21.16464499,1.846986657,-0.108382697
24489.58337,-1382.087037,-291.8112487,-90.46378671,-2.783784911,2.107673584,0.324481169
-8377.269616,-1049.05417,153.831254,-82.99487728,6.903573437,1.541729067,0.149453802
-40368.16359,1918.227392,565.4282368,-67.1683157,21.93929938,1.661053188,-0.433920252
4826.168476,-3501.659754,-205.4937447,-76.76977224,17.32047966,-1.73159238,-1.159228396
4473.529568,-889.5268995,241.8209574,-76.12392852,-16.83055587,1.668346724,0.592010805
52385.26716,-1650.828021,-331.4759046,-1.051329281,-2.749369747,2.63451891,0.309481276
17771.23159,-2150.74675,640.3125946,429.7404691,-11.68258504,-0.719937354,-0.854381016
24510.51005,-3538.238361,-197.5135236,-27.71322893,4.536460014,-1.281927976,-1.298639152
19900.50133,-1147.125745,657.3449674,-48.5764505,-18.37610162,2.029794026,0.402262218
23834.77998,-2245.391009,645.284516,178.0181079,4.350138116,-1.597382436,-1.255280938
-11922.67091,1856.179172,-163.2667872,-42.49822246,-1.455387438,-2.84539677,0.685616929
-3351.451953,381.9530562,-437.0167899,-117.0133772,7.697095414,0.039023955,0.945407329
-34706.27925,629.3366984,549.9592823,-24.04851245,4.501005856,0.098622035,0.698875154
-7674.283543,419.402897,-426.8143623,-112.0694247,7.661821783,-0.003512253,0.986223588
-4684.767014,312.1601589,672.7164555,226.1336308,3.888760326,1.314974572,0.612844402
-20051.39331,-3123.221012,15.31929159,42.82506985,3.874217342,-1.659730373,-1.131124822
